timestamp,queue_name,depth,enqueue_rate,dequeue_rate,avg_wait_time_ms,environment
2026-02-21T14:57:00.938854,deploy_queue_production,0,0,0,0,production
2026-02-21T14:57:05.941214,deploy_queue_production,0,0,0,0,production
2026-02-21T14:57:10.942842,deploy_queue_production,0,0,0,0,production
2026-02-21T14:57:15.945354,deploy_queue_production,0,0,0,0,production
2026-02-21T14:57:20.946791,deploy_queue_production,0,0,0,0,production
2026-02-21T14:57:25.948206,deploy_queue_production,0,0,0,0,production
2026-02-21T14:57:30.951188,deploy_queue_production,0,0,0,0,production
2026-02-21T14:57:35.952761,deploy_queue_production,0,0,0,0,production
2026-02-21T14:57:40.954564,deploy_queue_production,0,0,0,0,production
2026-02-21T14:57:45.955651,deploy_queue_production,0,0,0,0,production
2026-02-21T14:57:50.958942,deploy_queue_production,0,0,0,0,production
2026-02-21T14:57:55.960247,deploy_queue_production,0,0,0,0,production
2026-02-21T14:58:00.961617,deploy_queue_production,0,0,0,0,production
2026-02-21T14:58:05.963137,deploy_queue_production,0,0,0,0,production
2026-02-21T14:58:10.964593,deploy_queue_production,0,0,0,0,production
2026-02-21T14:58:15.966075,deploy_queue_production,0,0,0,0,production
2026-02-21T14:58:20.967520,deploy_queue_production,0,0,0,0,production
2026-02-21T14:58:25.969173,deploy_queue_production,0,0,0,0,production
2026-02-21T14:58:30.970683,deploy_queue_production,0,0,0,0,production
2026-02-21T14:58:35.973354,deploy_queue_production,0,0,0,0,production
2026-02-21T14:58:40.975436,deploy_queue_production,0,0,0,0,production
2026-02-21T14:58:45.977405,deploy_queue_production,0,0,0,0,production
2026-02-21T14:58:50.979377,deploy_queue_production,0,0,0,0,production
2026-02-21T14:58:55.981787,deploy_queue_production,0,0,0,0,production
2026-02-21T14:59:00.983774,deploy_queue_production,0,0,0,0,production
2026-02-21T14:59:05.985842,deploy_queue_production,0,0,0,0,production
2026-02-21T14:59:10.987589,deploy_queue_production,0,0,0,0,production
2026-02-21T14:59:15.988845,deploy_queue_production,0,0,0,0,production
2026-02-21T14:59:20.990391,deploy_queue_production,0,0,0,0,production
2026-02-21T14:59:25.992495,deploy_queue_production,0,0,0,0,production
2026-02-21T14:59:30.994901,deploy_queue_production,0,0,0,0,production
2026-02-21T14:59:35.996456,deploy_queue_production,0,0,0,0,production
2026-02-21T14:59:40.999024,deploy_queue_production,0,0,0,0,production
2026-02-21T14:59:46.000299,deploy_queue_production,0,0,0,0,production
2026-02-21T14:59:51.002210,deploy_queue_production,0,0,0,0,production
2026-02-21T14:59:56.003793,deploy_queue_production,0,0,0,0,production
2026-02-21T15:00:01.005219,deploy_queue_production,0,0,0,0,production
2026-02-21T15:00:06.006445,deploy_queue_production,0,0,0,0,production
2026-02-21T15:00:11.008167,deploy_queue_production,0,0,0,0,production
2026-02-21T15:00:16.010492,deploy_queue_production,0,0,0,0,production
2026-02-21T15:00:21.012039,deploy_queue_production,0,0,0,0,production
2026-02-21T15:00:26.014039,deploy_queue_production,0,0,0,0,production
2026-02-21T15:00:31.015773,deploy_queue_production,0,0,0,0,production
2026-02-21T15:00:36.017514,deploy_queue_production,0,0,0,0,production
2026-02-21T15:00:41.018994,deploy_queue_production,0,0,0,0,production
2026-02-21T15:00:46.020850,deploy_queue_production,0,0,0,0,production
2026-02-21T15:00:51.022594,deploy_queue_production,0,0,0,0,production
2026-02-21T15:00:56.024093,deploy_queue_production,0,0,0,0,production
2026-02-21T15:01:01.025832,deploy_queue_production,0,0,0,0,production
2026-02-21T15:01:06.027146,deploy_queue_production,0,0,0,0,production
2026-02-21T15:01:11.028554,deploy_queue_production,0,0,0,0,production
2026-02-21T15:01:16.029813,deploy_queue_production,0,0,0,0,production
2026-02-21T15:01:21.031846,deploy_queue_production,0,0,0,0,production
2026-02-21T15:01:26.033238,deploy_queue_production,0,0,0,0,production
2026-02-21T15:01:31.034429,deploy_queue_production,0,0,0,0,production
2026-02-21T15:01:36.035911,deploy_queue_production,0,0,0,0,production
2026-02-21T15:01:41.037610,deploy_queue_production,0,0,0,0,production
2026-02-21T15:01:46.039076,deploy_queue_production,0,0,0,0,production
2026-02-21T15:01:51.041197,deploy_queue_production,0,0,0,0,production
2026-02-21T15:01:56.042380,deploy_queue_production,0,0,0,0,production
2026-02-21T15:02:01.043438,deploy_queue_production,0,0,0,0,production
2026-02-21T15:02:06.045237,deploy_queue_production,0,0,0,0,production
2026-02-21T15:02:11.047281,deploy_queue_production,0,0,0,0,production
2026-02-21T15:02:16.048719,deploy_queue_production,0,0,0,0,production
2026-02-21T15:02:21.050784,deploy_queue_production,0,0,0,0,production
2026-02-21T15:02:26.053400,deploy_queue_production,0,0,0,0,production
2026-02-21T15:02:31.055450,deploy_queue_production,0,0,0,0,production
2026-02-21T15:02:36.057747,deploy_queue_production,0,0,0,0,production
2026-02-21T15:02:41.059544,deploy_queue_production,0,0,0,0,production
2026-02-21T15:02:46.061097,deploy_queue_production,0,0,0,0,production
2026-02-21T15:02:51.062273,deploy_queue_production,0,0,0,0,production
2026-02-21T15:02:56.063894,deploy_queue_production,0,0,0,0,production
2026-02-21T15:03:01.065752,deploy_queue_production,0,0,0,0,production
2026-02-21T15:03:06.067379,deploy_queue_production,0,0,0,0,production
2026-02-21T15:03:11.068838,deploy_queue_production,0,0,0,0,production
2026-02-21T15:03:16.070453,deploy_queue_production,0,0,0,0,production
2026-02-21T15:03:21.072266,deploy_queue_production,0,0,0,0,production
2026-02-21T15:03:26.074186,deploy_queue_production,0,0,0,0,production
2026-02-21T15:03:31.075810,deploy_queue_production,0,0,0,0,production
2026-02-21T15:03:36.077279,deploy_queue_production,0,0,0,0,production
2026-02-21T15:03:41.078469,deploy_queue_production,0,0,0,0,production
2026-02-21T15:03:46.079957,deploy_queue_production,0,0,0,0,production
2026-02-21T15:03:51.081854,deploy_queue_production,0,0,0,0,production
2026-02-21T15:03:56.083300,deploy_queue_production,0,0,0,0,production
2026-02-21T15:04:01.084694,deploy_queue_production,0,0,0,0,production
2026-02-21T15:04:06.086205,deploy_queue_production,0,0,0,0,production
2026-02-21T15:04:11.087651,deploy_queue_production,0,0,0,0,production
2026-02-21T15:04:16.088865,deploy_queue_production,0,0,0,0,production
2026-02-21T15:04:21.091034,deploy_queue_production,0,0,0,0,production
2026-02-21T15:04:26.093127,deploy_queue_production,0,0,0,0,production
2026-02-21T15:04:31.095184,deploy_queue_production,0,0,0,0,production
2026-02-21T15:04:36.097260,deploy_queue_production,0,0,0,0,production
2026-02-21T15:04:41.099708,deploy_queue_production,0,0,0,0,production
2026-02-21T15:04:46.100904,deploy_queue_production,0,0,0,0,production
2026-02-21T15:04:51.102731,deploy_queue_production,0,0,0,0,production
2026-02-21T15:04:56.105110,deploy_queue_production,0,0,0,0,production
2026-02-21T15:05:01.107235,deploy_queue_production,0,0,0,0,production
2026-02-21T15:05:06.109845,deploy_queue_production,0,0,0,0,production
2026-02-21T15:05:11.112731,deploy_queue_production,0,0,0,0,production
2026-02-21T15:05:16.114578,deploy_queue_production,0,0,0,0,production
2026-02-21T15:05:21.116477,deploy_queue_production,0,0,0,0,production
2026-02-21T15:05:26.118453,deploy_queue_production,0,0,0,0,production
2026-02-21T15:05:31.121756,deploy_queue_production,0,0,0,0,production
2026-02-21T15:05:36.123759,deploy_queue_production,0,0,0,0,production
2026-02-21T15:05:41.125453,deploy_queue_production,0,0,0,0,production
2026-02-21T15:05:46.126974,deploy_queue_production,0,0,0,0,production
2026-02-21T15:05:51.129220,deploy_queue_production,0,0,0,0,production
2026-02-21T15:05:56.131300,deploy_queue_production,0,0,0,0,production
2026-02-21T15:06:01.134144,deploy_queue_production,0,0,0,0,production
2026-02-21T15:06:06.135318,deploy_queue_production,0,0,0,0,production
2026-02-21T15:06:11.137057,deploy_queue_production,0,0,0,0,production
2026-02-21T15:06:16.139565,deploy_queue_production,0,0,0,0,production
2026-02-21T15:06:21.142688,deploy_queue_production,0,0,0,0,production
2026-02-21T15:06:26.144449,deploy_queue_production,0,0,0,0,production
2026-02-21T15:06:31.145701,deploy_queue_production,0,0,0,0,production
2026-02-21T15:06:36.147321,deploy_queue_production,0,0,0,0,production
2026-02-21T15:06:41.149635,deploy_queue_production,0,0,0,0,production
2026-02-21T15:06:46.151753,deploy_queue_production,0,0,0,0,production
2026-02-21T15:06:51.153645,deploy_queue_production,0,0,0,0,production
2026-02-21T15:06:56.155788,deploy_queue_production,0,0,0,0,production
2026-02-21T15:07:01.157580,deploy_queue_production,0,0,0,0,production
2026-02-21T15:07:06.160178,deploy_queue_production,0,0,0,0,production
2026-02-21T15:07:11.162602,deploy_queue_production,0,0,0,0,production
2026-02-21T15:07:16.164998,deploy_queue_production,0,0,0,0,production
2026-02-21T15:07:21.167882,deploy_queue_production,0,0,0,0,production
2026-02-21T15:07:26.169185,deploy_queue_production,0,0,0,0,production
2026-02-21T15:07:31.170909,deploy_queue_production,0,0,0,0,production
2026-02-21T15:07:36.172699,deploy_queue_production,0,0,0,0,production
2026-02-21T15:07:41.174710,deploy_queue_production,0,0,0,0,production
2026-02-21T15:07:46.176884,deploy_queue_production,0,0,0,0,production
2026-02-21T15:07:51.180004,deploy_queue_production,0,0,0,0,production
2026-02-21T15:07:56.181603,deploy_queue_production,0,0,0,0,production
2026-02-21T15:08:01.183675,deploy_queue_production,0,0,0,0,production
2026-02-21T15:08:06.185477,deploy_queue_production,0,0,0,0,production
2026-02-21T15:08:11.187723,deploy_queue_production,0,0,0,0,production
2026-02-21T15:08:16.189414,deploy_queue_production,0,0,0,0,production
2026-02-21T15:08:21.191302,deploy_queue_production,0,0,0,0,production
2026-02-21T15:08:26.193736,deploy_queue_production,0,0,0,0,production
2026-02-21T15:08:31.196518,deploy_queue_production,0,0,0,0,production
2026-02-21T15:08:36.198069,deploy_queue_production,0,0,0,0,production
2026-02-21T15:08:41.199906,deploy_queue_production,0,0,0,0,production
2026-02-21T15:08:46.202078,deploy_queue_production,0,0,0,0,production
2026-02-21T15:08:51.204378,deploy_queue_production,0,0,0,0,production
2026-02-21T15:08:56.206989,deploy_queue_production,0,0,0,0,production
2026-02-21T15:09:01.209723,deploy_queue_production,0,0,0,0,production
2026-02-21T15:09:06.212251,deploy_queue_production,0,0,0,0,production
2026-02-21T15:09:11.214099,deploy_queue_production,0,0,0,0,production
2026-02-21T15:09:16.216430,deploy_queue_production,0,0,0,0,production
2026-02-21T15:09:21.218215,deploy_queue_production,0,0,0,0,production
2026-02-21T15:09:26.219519,deploy_queue_production,0,0,0,0,production
2026-02-21T15:09:31.221183,deploy_queue_production,0,0,0,0,production
2026-02-21T15:09:36.223536,deploy_queue_production,0,0,0,0,production
2026-02-21T15:09:41.226516,deploy_queue_production,0,0,0,0,production
2026-02-21T15:09:46.229611,deploy_queue_production,0,0,0,0,production
2026-02-21T15:09:51.232462,deploy_queue_production,0,0,0,0,production
2026-02-21T15:09:56.234100,deploy_queue_production,0,0,0,0,production
2026-02-21T15:10:01.235781,deploy_queue_production,0,0,0,0,production
2026-02-21T15:10:06.237302,deploy_queue_production,0,0,0,0,production
2026-02-21T15:10:11.239219,deploy_queue_production,0,0,0,0,production
2026-02-21T15:10:16.240538,deploy_queue_production,0,0,0,0,production
2026-02-21T15:10:21.241830,deploy_queue_production,0,0,0,0,production
2026-02-21T15:10:26.243376,deploy_queue_production,0,0,0,0,production
2026-02-21T15:10:31.244799,deploy_queue_production,0,0,0,0,production
2026-02-21T15:10:36.245841,deploy_queue_production,0,0,0,0,production
2026-02-21T15:10:41.246887,deploy_queue_production,0,0,0,0,production
2026-02-21T15:10:46.249035,deploy_queue_production,0,0,0,0,production
2026-02-21T15:10:51.250760,deploy_queue_production,0,0,0,0,production
2026-02-21T15:10:56.252696,deploy_queue_production,0,0,0,0,production
2026-02-21T15:11:01.255503,deploy_queue_production,0,0,0,0,production
2026-02-21T15:11:06.257903,deploy_queue_production,0,0,0,0,production
2026-02-21T15:11:11.260013,deploy_queue_production,0,0,0,0,production
2026-02-21T15:11:16.262910,deploy_queue_production,0,0,0,0,production
2026-02-21T15:11:21.265050,deploy_queue_production,0,0,0,0,production
2026-02-21T15:11:26.267309,deploy_queue_production,0,0,0,0,production
2026-02-21T15:11:31.269326,deploy_queue_production,0,0,0,0,production
2026-02-21T15:11:36.272551,deploy_queue_production,0,0,0,0,production
2026-02-21T15:11:41.274703,deploy_queue_production,0,0,0,0,production
2026-02-21T15:11:46.275950,deploy_queue_production,0,0,0,0,production
2026-02-21T15:11:51.278403,deploy_queue_production,0,0,0,0,production
2026-02-21T15:11:56.280183,deploy_queue_production,0,0,0,0,production
2026-02-21T15:12:01.281936,deploy_queue_production,0,0,0,0,production
2026-02-21T15:12:06.283854,deploy_queue_production,0,0,0,0,production
2026-02-21T15:12:11.285084,deploy_queue_production,0,0,0,0,production
2026-02-21T15:12:16.287008,deploy_queue_production,0,0,0,0,production
2026-02-21T15:12:21.289127,deploy_queue_production,0,0,0,0,production
2026-02-21T15:12:26.291444,deploy_queue_production,0,0,0,0,production
2026-02-21T15:12:31.294005,deploy_queue_production,0,0,0,0,production
2026-02-21T15:12:36.296315,deploy_queue_production,0,0,0,0,production
2026-02-21T15:12:41.298141,deploy_queue_production,0,0,0,0,production
2026-02-21T15:12:46.299811,deploy_queue_production,0,0,0,0,production
2026-02-21T15:12:51.301287,deploy_queue_production,0,0,0,0,production
2026-02-21T15:12:56.302699,deploy_queue_production,0,0,0,0,production
2026-02-21T15:13:01.304136,deploy_queue_production,0,0,0,0,production
2026-02-21T15:13:06.305381,deploy_queue_production,0,0,0,0,production
2026-02-21T15:13:11.307085,deploy_queue_production,0,0,0,0,production
2026-02-21T15:13:16.308699,deploy_queue_production,0,0,0,0,production
2026-02-21T15:13:21.310574,deploy_queue_production,0,0,0,0,production
2026-02-21T15:13:26.312084,deploy_queue_production,0,0,0,0,production
2026-02-21T15:13:31.313823,deploy_queue_production,0,0,0,0,production
2026-02-21T15:13:36.316024,deploy_queue_production,0,0,0,0,production
2026-02-21T15:13:41.318314,deploy_queue_production,0,0,0,0,production
2026-02-21T15:13:46.319536,deploy_queue_production,0,0,0,0,production
2026-02-21T15:13:51.321234,deploy_queue_production,0,0,0,0,production
2026-02-21T15:13:56.323187,deploy_queue_production,0,0,0,0,production
2026-02-21T15:14:01.325419,deploy_queue_production,0,0,0,0,production
2026-02-21T15:14:06.327257,deploy_queue_production,0,0,0,0,production
2026-02-21T15:14:11.329728,deploy_queue_production,0,0,0,0,production
2026-02-21T15:14:16.331111,deploy_queue_production,0,0,0,0,production
2026-02-21T15:14:21.333217,deploy_queue_production,0,0,0,0,production
2026-02-21T15:14:26.335480,deploy_queue_production,0,0,0,0,production
2026-02-21T15:14:31.337214,deploy_queue_production,0,0,0,0,production
2026-02-21T15:14:36.338739,deploy_queue_production,0,0,0,0,production
2026-02-21T15:14:41.340430,deploy_queue_production,0,0,0,0,production
2026-02-21T15:14:46.342043,deploy_queue_production,0,0,0,0,production
2026-02-21T15:14:51.343450,deploy_queue_production,0,0,0,0,production
2026-02-21T15:14:56.345227,deploy_queue_production,0,0,0,0,production
2026-02-21T15:15:01.347812,deploy_queue_production,0,0,0,0,production
2026-02-21T15:15:06.349042,deploy_queue_production,0,0,0,0,production
2026-02-21T15:15:11.350284,deploy_queue_production,0,0,0,0,production
2026-02-21T15:15:16.351924,deploy_queue_production,0,0,0,0,production
2026-02-21T15:15:21.353812,deploy_queue_production,0,0,0,0,production
2026-02-21T15:15:26.355271,deploy_queue_production,0,0,0,0,production
2026-02-21T15:15:31.356770,deploy_queue_production,0,0,0,0,production
2026-02-21T15:15:36.358557,deploy_queue_production,0,0,0,0,production
2026-02-21T15:15:41.360991,deploy_queue_production,0,0,0,0,production
2026-02-21T15:15:46.362923,deploy_queue_production,0,0,0,0,production
2026-02-21T15:15:51.364692,deploy_queue_production,0,0,0,0,production
2026-02-21T15:15:56.365909,deploy_queue_production,0,0,0,0,production
2026-02-21T15:16:01.367740,deploy_queue_production,0,0,0,0,production
2026-02-21T15:16:06.369548,deploy_queue_production,0,0,0,0,production
2026-02-21T15:16:11.371117,deploy_queue_production,0,0,0,0,production
2026-02-21T15:16:16.372514,deploy_queue_production,0,0,0,0,production
2026-02-21T15:16:21.374743,deploy_queue_production,0,0,0,0,production
2026-02-21T15:16:26.376143,deploy_queue_production,0,0,0,0,production
2026-02-21T15:16:31.377669,deploy_queue_production,0,0,0,0,production
2026-02-21T15:16:36.379100,deploy_queue_production,0,0,0,0,production
2026-02-21T15:16:41.380658,deploy_queue_production,0,0,0,0,production
2026-02-21T15:16:46.382834,deploy_queue_production,0,0,0,0,production
2026-02-21T15:16:51.384172,deploy_queue_production,0,0,0,0,production
2026-02-21T15:16:56.386514,deploy_queue_production,0,0,0,0,production
2026-02-21T15:17:01.388577,deploy_queue_production,0,0,0,0,production
2026-02-21T15:17:06.391168,deploy_queue_production,0,0,0,0,production
2026-02-21T15:17:11.393149,deploy_queue_production,0,0,0,0,production
2026-02-21T15:17:16.394733,deploy_queue_production,0,0,0,0,production
2026-02-21T15:17:21.396807,deploy_queue_production,0,0,0,0,production
2026-02-21T15:17:26.398878,deploy_queue_production,0,0,0,0,production
2026-02-21T15:17:31.400882,deploy_queue_production,0,0,0,0,production
2026-02-21T15:17:36.403062,deploy_queue_production,0,0,0,0,production
2026-02-21T15:17:41.405355,deploy_queue_production,0,0,0,0,production
2026-02-21T15:17:46.408322,deploy_queue_production,0,0,0,0,production
2026-02-21T15:17:51.410419,deploy_queue_production,0,0,0,0,production
2026-02-21T15:17:56.413333,deploy_queue_production,0,0,0,0,production
2026-02-21T15:18:01.415615,deploy_queue_production,0,0,0,0,production
2026-02-21T15:18:06.418422,deploy_queue_production,0,0,0,0,production
2026-02-21T15:18:11.421252,deploy_queue_production,0,0,0,0,production
2026-02-21T15:18:16.423962,deploy_queue_production,0,0,0,0,production
2026-02-21T15:18:21.426530,deploy_queue_production,0,0,0,0,production
2026-02-21T15:18:26.428798,deploy_queue_production,0,0,0,0,production
2026-02-21T15:18:31.431706,deploy_queue_production,0,0,0,0,production
2026-02-21T15:18:36.435246,deploy_queue_production,0,0,0,0,production
2026-02-21T15:18:41.440035,deploy_queue_production,0,0,0,0,production
2026-02-21T15:18:46.442865,deploy_queue_production,0,0,0,0,production
2026-02-21T15:18:51.445242,deploy_queue_production,0,0,0,0,production
2026-02-21T15:18:56.448680,deploy_queue_production,0,0,0,0,production
2026-02-21T15:19:01.451694,deploy_queue_production,0,0,0,0,production
2026-02-21T15:19:06.454462,deploy_queue_production,0,0,0,0,production
2026-02-21T15:19:11.456860,deploy_queue_production,0,0,0,0,production
2026-02-21T15:19:16.459839,deploy_queue_production,0,0,0,0,production
2026-02-21T15:19:21.462242,deploy_queue_production,0,0,0,0,production
2026-02-21T15:19:26.463970,deploy_queue_production,0,0,0,0,production
2026-02-21T15:19:31.466054,deploy_queue_production,0,0,0,0,production
2026-02-21T15:19:36.468386,deploy_queue_production,0,0,0,0,production
2026-02-21T15:19:41.470296,deploy_queue_production,0,0,0,0,production
2026-02-21T15:19:46.472890,deploy_queue_production,0,0,0,0,production
2026-02-21T15:19:51.475913,deploy_queue_production,0,0,0,0,production
2026-02-21T15:19:56.478344,deploy_queue_production,0,0,0,0,production
2026-02-21T15:20:01.481560,deploy_queue_production,0,0,0,0,production
2026-02-21T15:20:06.484343,deploy_queue_production,0,0,0,0,production
2026-02-21T15:20:11.487197,deploy_queue_production,0,0,0,0,production
2026-02-21T15:20:16.490932,deploy_queue_production,0,0,0,0,production
2026-02-21T15:20:21.494554,deploy_queue_production,0,0,0,0,production
2026-02-21T15:20:26.497141,deploy_queue_production,0,0,0,0,production
2026-02-21T15:20:31.498587,deploy_queue_production,0,0,0,0,production
2026-02-21T15:20:36.501320,deploy_queue_production,0,0,0,0,production
2026-02-21T15:20:41.503690,deploy_queue_production,0,0,0,0,production
2026-02-21T15:20:46.506091,deploy_queue_production,0,0,0,0,production
2026-02-21T15:20:51.508338,deploy_queue_production,0,0,0,0,production
2026-02-21T15:20:56.511365,deploy_queue_production,0,0,0,0,production
2026-02-21T15:21:01.513831,deploy_queue_production,0,0,0,0,production
2026-02-21T15:21:06.515600,deploy_queue_production,0,0,0,0,production
2026-02-21T15:21:11.517434,deploy_queue_production,0,0,0,0,production
2026-02-21T15:21:16.519967,deploy_queue_production,0,0,0,0,production
2026-02-21T15:21:21.522416,deploy_queue_production,0,0,0,0,production
2026-02-21T15:21:26.524575,deploy_queue_production,0,0,0,0,production
2026-02-21T15:21:31.526253,deploy_queue_production,0,0,0,0,production
2026-02-21T15:21:36.528629,deploy_queue_production,0,0,0,0,production
2026-02-21T15:21:41.529904,deploy_queue_production,0,0,0,0,production
2026-02-21T15:21:46.532463,deploy_queue_production,0,0,0,0,production
2026-02-21T15:21:51.535260,deploy_queue_production,0,0,0,0,production
2026-02-21T15:21:56.536930,deploy_queue_production,0,0,0,0,production
2026-02-21T15:22:01.538364,deploy_queue_production,0,0,0,0,production
2026-02-21T15:22:06.539913,deploy_queue_production,0,0,0,0,production
2026-02-21T15:22:11.541838,deploy_queue_production,0,0,0,0,production
2026-02-21T15:22:16.544233,deploy_queue_production,0,0,0,0,production
2026-02-21T15:22:21.545864,deploy_queue_production,0,0,0,0,production
2026-02-21T15:22:26.547068,deploy_queue_production,0,0,0,0,production
2026-02-21T15:22:31.549026,deploy_queue_production,0,0,0,0,production
2026-02-21T15:22:36.551804,deploy_queue_production,0,0,0,0,production
2026-02-21T15:22:41.553491,deploy_queue_production,0,0,0,0,production
2026-02-21T15:22:46.556042,deploy_queue_production,0,0,0,0,production
2026-02-21T15:22:51.558182,deploy_queue_production,0,0,0,0,production
2026-02-21T15:22:56.559741,deploy_queue_production,0,0,0,0,production
2026-02-21T15:23:01.562065,deploy_queue_production,0,0,0,0,production
2026-02-21T15:23:06.564795,deploy_queue_production,0,0,0,0,production
2026-02-21T15:23:11.567786,deploy_queue_production,0,0,0,0,production
2026-02-21T15:23:16.569233,deploy_queue_production,0,0,0,0,production
2026-02-21T15:23:21.570973,deploy_queue_production,0,0,0,0,production
2026-02-21T15:23:26.573631,deploy_queue_production,0,0,0,0,production
2026-02-21T15:23:31.575711,deploy_queue_production,0,0,0,0,production
2026-02-21T15:23:36.578423,deploy_queue_production,0,0,0,0,production
2026-02-21T15:23:41.580600,deploy_queue_production,0,0,0,0,production
2026-02-21T15:23:46.582816,deploy_queue_production,0,0,0,0,production
2026-02-21T15:23:51.585779,deploy_queue_production,0,0,0,0,production
2026-02-21T15:23:56.587189,deploy_queue_production,0,0,0,0,production
2026-02-21T15:24:01.589382,deploy_queue_production,0,0,0,0,production
2026-02-21T15:24:06.591628,deploy_queue_production,0,0,0,0,production
2026-02-21T15:24:11.593336,deploy_queue_production,0,0,0,0,production
2026-02-21T15:24:16.595583,deploy_queue_production,0,0,0,0,production
2026-02-21T15:24:21.596948,deploy_queue_production,0,0,0,0,production
2026-02-21T15:24:26.598406,deploy_queue_production,0,0,0,0,production
2026-02-21T15:24:31.600858,deploy_queue_production,0,0,0,0,production
2026-02-21T15:24:36.602580,deploy_queue_production,0,0,0,0,production
2026-02-21T15:24:41.604181,deploy_queue_production,0,0,0,0,production
2026-02-21T15:24:46.606593,deploy_queue_production,0,0,0,0,production
2026-02-21T15:24:51.609059,deploy_queue_production,0,0,0,0,production
2026-02-21T15:24:56.611621,deploy_queue_production,0,0,0,0,production
2026-02-21T15:25:01.614394,deploy_queue_production,0,0,0,0,production
2026-02-21T15:25:06.616635,deploy_queue_production,0,0,0,0,production
2026-02-21T15:25:11.619417,deploy_queue_production,0,0,0,0,production
2026-02-21T15:25:16.621825,deploy_queue_production,0,0,0,0,production
2026-02-21T15:25:21.623688,deploy_queue_production,0,0,0,0,production
2026-02-21T15:25:26.625033,deploy_queue_production,0,0,0,0,production
2026-02-21T15:25:31.626596,deploy_queue_production,0,0,0,0,production
2026-02-21T15:25:36.628066,deploy_queue_production,0,0,0,0,production
2026-02-21T15:25:41.629472,deploy_queue_production,0,0,0,0,production
2026-02-21T15:25:46.631174,deploy_queue_production,0,0,0,0,production
2026-02-21T15:25:51.632755,deploy_queue_production,0,0,0,0,production
2026-02-21T15:25:56.634198,deploy_queue_production,0,0,0,0,production
2026-02-21T15:26:01.635383,deploy_queue_production,0,0,0,0,production
2026-02-21T15:26:06.636651,deploy_queue_production,0,0,0,0,production
2026-02-21T15:26:11.638466,deploy_queue_production,0,0,0,0,production
2026-02-21T15:26:16.639930,deploy_queue_production,0,0,0,0,production
2026-02-21T15:26:21.641621,deploy_queue_production,0,0,0,0,production
2026-02-21T15:26:26.643050,deploy_queue_production,0,0,0,0,production
2026-02-21T15:26:31.644641,deploy_queue_production,0,0,0,0,production
2026-02-21T15:26:36.646472,deploy_queue_production,0,0,0,0,production
2026-02-21T15:26:41.648798,deploy_queue_production,0,0,0,0,production
2026-02-21T15:26:46.650127,deploy_queue_production,0,0,0,0,production
2026-02-21T15:26:51.651734,deploy_queue_production,0,0,0,0,production
2026-02-21T15:26:56.653495,deploy_queue_production,0,0,0,0,production
2026-02-21T15:27:01.655676,deploy_queue_production,0,0,0,0,production
2026-02-21T15:27:06.656584,deploy_queue_production,0,0,0,0,production
2026-02-21T15:27:11.658344,deploy_queue_production,0,0,0,0,production
2026-02-21T15:27:16.660663,deploy_queue_production,0,0,0,0,production
2026-02-21T15:27:21.662844,deploy_queue_production,0,0,0,0,production
2026-02-21T15:27:26.665452,deploy_queue_production,0,0,0,0,production
2026-02-21T15:27:31.667106,deploy_queue_production,0,0,0,0,production
2026-02-21T15:27:36.669039,deploy_queue_production,0,0,0,0,production
2026-02-21T15:27:41.670921,deploy_queue_production,0,0,0,0,production
2026-02-21T15:27:46.672642,deploy_queue_production,0,0,0,0,production
2026-02-21T15:27:51.673954,deploy_queue_production,0,0,0,0,production
2026-02-21T15:27:56.676319,deploy_queue_production,0,0,0,0,production
2026-02-21T15:28:01.678266,deploy_queue_production,0,0,0,0,production
2026-02-21T15:28:06.679355,deploy_queue_production,0,0,0,0,production
2026-02-21T15:28:11.681409,deploy_queue_production,0,0,0,0,production
2026-02-21T15:28:16.683699,deploy_queue_production,0,0,0,0,production
2026-02-21T15:28:21.685919,deploy_queue_production,0,0,0,0,production
2026-02-21T15:28:26.688241,deploy_queue_production,0,0,0,0,production
2026-02-21T15:28:31.689390,deploy_queue_production,0,0,0,0,production
2026-02-21T15:28:36.691175,deploy_queue_production,0,0,0,0,production
2026-02-21T15:28:41.693354,deploy_queue_production,0,0,0,0,production
2026-02-21T15:28:46.695588,deploy_queue_production,0,0,0,0,production
2026-02-21T15:28:51.698018,deploy_queue_production,0,0,0,0,production
2026-02-21T15:28:56.700597,deploy_queue_production,0,0,0,0,production
2026-02-21T15:29:01.702814,deploy_queue_production,0,0,0,0,production
2026-02-21T15:29:06.704882,deploy_queue_production,0,0,0,0,production
2026-02-21T15:29:11.706236,deploy_queue_production,0,0,0,0,production
2026-02-21T15:29:16.707446,deploy_queue_production,0,0,0,0,production
2026-02-21T15:29:21.709318,deploy_queue_production,0,0,0,0,production
2026-02-21T15:29:26.712004,deploy_queue_production,0,0,0,0,production
2026-02-21T15:29:31.713810,deploy_queue_production,0,0,0,0,production
2026-02-21T15:29:36.715250,deploy_queue_production,0,0,0,0,production
2026-02-21T15:29:41.717222,deploy_queue_production,0,0,0,0,production
2026-02-21T15:29:46.719615,deploy_queue_production,0,0,0,0,production
2026-02-21T15:29:51.721346,deploy_queue_production,0,0,0,0,production
2026-02-21T15:29:56.722479,deploy_queue_production,0,0,0,0,production
2026-02-21T15:30:01.723782,deploy_queue_production,0,0,0,0,production
2026-02-21T15:30:06.725534,deploy_queue_production,0,0,0,0,production
2026-02-21T15:30:11.727251,deploy_queue_production,0,0,0,0,production
2026-02-21T15:30:16.728844,deploy_queue_production,0,0,0,0,production
2026-02-21T15:30:21.730924,deploy_queue_production,0,0,0,0,production
2026-02-21T15:30:26.733358,deploy_queue_production,0,0,0,0,production
2026-02-21T15:30:31.735139,deploy_queue_production,0,0,0,0,production
2026-02-21T15:30:36.736808,deploy_queue_production,0,0,0,0,production
2026-02-21T15:30:41.738392,deploy_queue_production,0,0,0,0,production
2026-02-21T15:30:46.741085,deploy_queue_production,0,0,0,0,production
2026-02-21T15:30:51.744310,deploy_queue_production,0,0,0,0,production
2026-02-21T15:30:56.746502,deploy_queue_production,0,0,0,0,production
2026-02-21T15:31:01.747611,deploy_queue_production,0,0,0,0,production
2026-02-21T15:31:06.749112,deploy_queue_production,0,0,0,0,production
2026-02-21T15:31:11.751439,deploy_queue_production,0,0,0,0,production
2026-02-21T15:31:16.753377,deploy_queue_production,0,0,0,0,production
2026-02-21T15:31:21.756728,deploy_queue_production,0,0,0,0,production
2026-02-21T15:31:26.758914,deploy_queue_production,0,0,0,0,production
2026-02-21T15:31:31.760925,deploy_queue_production,0,0,0,0,production
2026-02-21T15:31:36.762978,deploy_queue_production,0,0,0,0,production
2026-02-21T15:31:41.765146,deploy_queue_production,0,0,0,0,production
2026-02-21T15:31:46.767849,deploy_queue_production,0,0,0,0,production
2026-02-21T15:31:51.770528,deploy_queue_production,0,0,0,0,production
2026-02-21T15:31:56.772728,deploy_queue_production,0,0,0,0,production
2026-02-21T15:32:01.775629,deploy_queue_production,0,0,0,0,production
2026-02-21T15:32:06.778292,deploy_queue_production,0,0,0,0,production
2026-02-21T15:32:11.781500,deploy_queue_production,0,0,0,0,production
2026-02-21T15:32:16.784336,deploy_queue_production,0,0,0,0,production
2026-02-21T15:32:21.786824,deploy_queue_production,0,0,0,0,production
2026-02-21T15:32:26.789278,deploy_queue_production,0,0,0,0,production
2026-02-21T15:32:31.791418,deploy_queue_production,0,0,0,0,production
2026-02-21T15:32:36.794383,deploy_queue_production,0,0,0,0,production
2026-02-21T15:32:41.796645,deploy_queue_production,0,0,0,0,production
2026-02-21T15:32:46.799731,deploy_queue_production,0,0,0,0,production
2026-02-21T15:32:51.801776,deploy_queue_production,0,0,0,0,production
2026-02-21T15:32:56.803363,deploy_queue_production,0,0,0,0,production
2026-02-21T15:33:01.806183,deploy_queue_production,0,0,0,0,production
2026-02-21T15:33:06.809565,deploy_queue_production,0,0,0,0,production
2026-02-21T15:33:11.811513,deploy_queue_production,0,0,0,0,production
2026-02-21T15:33:16.813759,deploy_queue_production,0,0,0,0,production
2026-02-21T15:33:21.815651,deploy_queue_production,0,0,0,0,production
2026-02-21T15:33:26.817443,deploy_queue_production,0,0,0,0,production
2026-02-21T15:33:31.819370,deploy_queue_production,0,0,0,0,production
2026-02-21T15:33:36.821093,deploy_queue_production,0,0,0,0,production
2026-02-21T15:33:41.822810,deploy_queue_production,0,0,0,0,production
2026-02-21T15:33:46.824006,deploy_queue_production,0,0,0,0,production
2026-02-21T15:33:51.825830,deploy_queue_production,0,0,0,0,production
2026-02-21T15:33:56.827731,deploy_queue_production,0,0,0,0,production
2026-02-21T15:34:01.830112,deploy_queue_production,0,0,0,0,production
2026-02-21T15:34:06.831413,deploy_queue_production,0,0,0,0,production
2026-02-21T15:34:11.833086,deploy_queue_production,0,0,0,0,production
2026-02-21T15:34:16.835002,deploy_queue_production,0,0,0,0,production
2026-02-21T15:34:21.837403,deploy_queue_production,0,0,0,0,production
2026-02-21T15:34:26.839700,deploy_queue_production,0,0,0,0,production
2026-02-21T15:34:31.841906,deploy_queue_production,0,0,0,0,production
2026-02-21T15:34:36.844275,deploy_queue_production,0,0,0,0,production
2026-02-21T15:34:41.845643,deploy_queue_production,0,0,0,0,production
2026-02-21T15:34:46.847821,deploy_queue_production,0,0,0,0,production
2026-02-21T15:34:51.849905,deploy_queue_production,0,0,0,0,production
2026-02-21T15:34:56.851990,deploy_queue_production,0,0,0,0,production
2026-02-21T15:35:01.854086,deploy_queue_production,0,0,0,0,production
2026-02-21T15:35:06.856285,deploy_queue_production,0,0,0,0,production
2026-02-21T15:35:11.858301,deploy_queue_production,0,0,0,0,production
2026-02-21T15:35:16.860782,deploy_queue_production,0,0,0,0,production
2026-02-21T15:35:21.862799,deploy_queue_production,0,0,0,0,production
2026-02-21T15:35:26.864735,deploy_queue_production,0,0,0,0,production
2026-02-21T15:35:31.866461,deploy_queue_production,0,0,0,0,production
2026-02-21T15:35:36.869472,deploy_queue_production,0,0,0,0,production
2026-02-21T15:35:41.871830,deploy_queue_production,0,0,0,0,production
2026-02-21T15:35:46.873899,deploy_queue_production,0,0,0,0,production
2026-02-21T15:35:51.876424,deploy_queue_production,0,0,0,0,production
2026-02-21T15:35:56.878119,deploy_queue_production,0,0,0,0,production
2026-02-21T15:36:01.879746,deploy_queue_production,0,0,0,0,production
2026-02-21T15:36:06.881653,deploy_queue_production,0,0,0,0,production
2026-02-21T15:36:11.884432,deploy_queue_production,0,0,0,0,production
2026-02-21T15:36:16.886788,deploy_queue_production,0,0,0,0,production
2026-02-21T15:36:21.889328,deploy_queue_production,0,0,0,0,production
2026-02-21T15:36:26.892204,deploy_queue_production,0,0,0,0,production
2026-02-21T15:36:31.895136,deploy_queue_production,0,0,0,0,production
2026-02-21T15:36:36.897662,deploy_queue_production,0,0,0,0,production
2026-02-21T15:36:41.900460,deploy_queue_production,0,0,0,0,production
2026-02-21T15:36:46.903059,deploy_queue_production,0,0,0,0,production
2026-02-21T15:36:51.905216,deploy_queue_production,0,0,0,0,production
2026-02-21T15:36:56.907831,deploy_queue_production,0,0,0,0,production
2026-02-21T15:37:01.910467,deploy_queue_production,0,0,0,0,production
2026-02-21T15:37:06.913640,deploy_queue_production,0,0,0,0,production
2026-02-21T15:37:11.916119,deploy_queue_production,0,0,0,0,production
2026-02-21T15:37:16.918554,deploy_queue_production,0,0,0,0,production
2026-02-21T15:37:21.921094,deploy_queue_production,0,0,0,0,production
2026-02-21T15:37:26.923572,deploy_queue_production,0,0,0,0,production
2026-02-21T15:37:31.925470,deploy_queue_production,0,0,0,0,production
2026-02-21T15:37:36.927538,deploy_queue_production,0,0,0,0,production
2026-02-21T15:37:41.929400,deploy_queue_production,0,0,0,0,production
2026-02-21T15:37:46.931346,deploy_queue_production,0,0,0,0,production
2026-02-21T15:37:51.933907,deploy_queue_production,0,0,0,0,production
2026-02-21T15:37:56.936431,deploy_queue_production,0,0,0,0,production
2026-02-21T15:38:01.939828,deploy_queue_production,0,0,0,0,production
2026-02-21T15:38:06.942573,deploy_queue_production,0,0,0,0,production
2026-02-21T15:38:11.944925,deploy_queue_production,0,0,0,0,production
2026-02-21T15:38:16.947224,deploy_queue_production,0,0,0,0,production
2026-02-21T15:38:21.949028,deploy_queue_production,0,0,0,0,production
2026-02-21T15:38:26.950575,deploy_queue_production,0,0,0,0,production
2026-02-21T15:38:31.953214,deploy_queue_production,0,0,0,0,production
2026-02-21T15:38:36.956500,deploy_queue_production,0,0,0,0,production
2026-02-21T15:38:41.958994,deploy_queue_production,0,0,0,0,production
2026-02-21T15:38:46.961074,deploy_queue_production,0,0,0,0,production
2026-02-21T15:38:51.963030,deploy_queue_production,0,0,0,0,production
2026-02-21T15:38:56.964694,deploy_queue_production,0,0,0,0,production
2026-02-21T15:39:01.965948,deploy_queue_production,0,0,0,0,production
2026-02-21T15:39:06.967579,deploy_queue_production,0,0,0,0,production
2026-02-21T15:39:11.970669,deploy_queue_production,0,0,0,0,production
2026-02-21T15:39:16.973301,deploy_queue_production,0,0,0,0,production
2026-02-21T15:39:21.975548,deploy_queue_production,0,0,0,0,production
2026-02-21T15:39:26.977434,deploy_queue_production,0,0,0,0,production
2026-02-21T15:39:31.980109,deploy_queue_production,0,0,0,0,production
2026-02-21T15:39:36.983012,deploy_queue_production,0,0,0,0,production
2026-02-21T15:39:41.985362,deploy_queue_production,0,0,0,0,production
2026-02-21T15:39:46.987532,deploy_queue_production,0,0,0,0,production
2026-02-21T15:39:51.989440,deploy_queue_production,0,0,0,0,production
2026-02-21T15:39:56.992042,deploy_queue_production,0,0,0,0,production
2026-02-21T15:40:01.994409,deploy_queue_production,0,0,0,0,production
2026-02-21T15:40:06.996858,deploy_queue_production,0,0,0,0,production
2026-02-21T15:40:11.999196,deploy_queue_production,0,0,0,0,production
2026-02-21T15:40:17.001709,deploy_queue_production,0,0,0,0,production
2026-02-21T15:40:22.005001,deploy_queue_production,0,0,0,0,production
2026-02-21T15:40:27.007689,deploy_queue_production,0,0,0,0,production
2026-02-21T15:40:32.010508,deploy_queue_production,0,0,0,0,production
2026-02-21T15:40:37.012436,deploy_queue_production,0,0,0,0,production
2026-02-21T15:40:42.014367,deploy_queue_production,0,0,0,0,production
2026-02-21T15:40:47.016667,deploy_queue_production,0,0,0,0,production
2026-02-21T15:40:52.019240,deploy_queue_production,0,0,0,0,production
2026-02-21T15:40:57.022607,deploy_queue_production,0,0,0,0,production
2026-02-21T15:41:02.024718,deploy_queue_production,0,0,0,0,production
2026-02-21T15:41:07.027245,deploy_queue_production,0,0,0,0,production
2026-02-21T15:41:12.029800,deploy_queue_production,0,0,0,0,production
2026-02-21T15:41:17.032628,deploy_queue_production,0,0,0,0,production
2026-02-21T15:41:22.034608,deploy_queue_production,0,0,0,0,production
2026-02-21T15:41:27.036252,deploy_queue_production,0,0,0,0,production
2026-02-21T15:41:32.038051,deploy_queue_production,0,0,0,0,production
2026-02-21T15:41:37.039578,deploy_queue_production,0,0,0,0,production
2026-02-21T15:41:42.041398,deploy_queue_production,0,0,0,0,production
2026-02-21T15:41:47.043413,deploy_queue_production,0,0,0,0,production
2026-02-21T15:41:52.045441,deploy_queue_production,0,0,0,0,production
2026-02-21T15:41:57.047443,deploy_queue_production,0,0,0,0,production
2026-02-21T15:42:02.049708,deploy_queue_production,0,0,0,0,production
2026-02-21T15:42:07.052277,deploy_queue_production,0,0,0,0,production
2026-02-21T15:42:12.054067,deploy_queue_production,0,0,0,0,production
2026-02-21T15:42:17.055881,deploy_queue_production,0,0,0,0,production
2026-02-21T15:42:22.058652,deploy_queue_production,0,0,0,0,production
2026-02-21T15:42:27.060758,deploy_queue_production,0,0,0,0,production
2026-02-21T15:42:32.062449,deploy_queue_production,0,0,0,0,production
2026-02-21T15:42:37.065171,deploy_queue_production,0,0,0,0,production
2026-02-21T15:42:42.067045,deploy_queue_production,0,0,0,0,production
2026-02-21T15:42:47.069133,deploy_queue_production,0,0,0,0,production
2026-02-21T15:42:52.071967,deploy_queue_production,0,0,0,0,production
2026-02-21T15:42:57.074611,deploy_queue_production,0,0,0,0,production
2026-02-21T15:43:02.076676,deploy_queue_production,0,0,0,0,production
2026-02-21T15:43:07.079216,deploy_queue_production,0,0,0,0,production
2026-02-21T15:43:12.081487,deploy_queue_production,0,0,0,0,production
2026-02-21T15:43:17.084046,deploy_queue_production,0,0,0,0,production
2026-02-21T15:43:22.086741,deploy_queue_production,0,0,0,0,production
2026-02-21T15:43:27.088874,deploy_queue_production,0,0,0,0,production
2026-02-21T15:43:32.090796,deploy_queue_production,0,0,0,0,production
2026-02-21T15:43:37.093788,deploy_queue_production,0,0,0,0,production
2026-02-21T15:43:42.096363,deploy_queue_production,0,0,0,0,production
2026-02-21T15:43:47.099037,deploy_queue_production,0,0,0,0,production
2026-02-21T15:43:52.101659,deploy_queue_production,0,0,0,0,production
2026-02-21T15:43:57.103785,deploy_queue_production,0,0,0,0,production
2026-02-21T15:44:02.106182,deploy_queue_production,0,0,0,0,production
2026-02-21T15:44:07.108179,deploy_queue_production,0,0,0,0,production
2026-02-21T15:44:12.111292,deploy_queue_production,0,0,0,0,production
2026-02-21T15:44:17.113256,deploy_queue_production,0,0,0,0,production
2026-02-21T15:44:22.116169,deploy_queue_production,0,0,0,0,production
2026-02-21T15:44:27.118849,deploy_queue_production,0,0,0,0,production
2026-02-21T15:44:32.121837,deploy_queue_production,0,0,0,0,production
2026-02-21T15:44:37.124743,deploy_queue_production,0,0,0,0,production
2026-02-21T15:44:42.128140,deploy_queue_production,0,0,0,0,production
2026-02-21T15:44:47.131590,deploy_queue_production,0,0,0,0,production
2026-02-21T15:44:52.134983,deploy_queue_production,0,0,0,0,production
2026-02-21T15:44:57.137417,deploy_queue_production,0,0,0,0,production
2026-02-21T15:45:02.139816,deploy_queue_production,0,0,0,0,production
2026-02-21T15:45:07.142055,deploy_queue_production,0,0,0,0,production
2026-02-21T15:45:12.143947,deploy_queue_production,0,0,0,0,production
2026-02-21T15:45:17.145969,deploy_queue_production,0,0,0,0,production
2026-02-21T15:45:22.148124,deploy_queue_production,0,0,0,0,production
2026-02-21T15:45:27.150922,deploy_queue_production,0,0,0,0,production
2026-02-21T15:45:32.153684,deploy_queue_production,0,0,0,0,production
2026-02-21T15:45:37.155713,deploy_queue_production,0,0,0,0,production
2026-02-21T15:45:42.157474,deploy_queue_production,0,0,0,0,production
2026-02-21T15:45:47.160153,deploy_queue_production,0,0,0,0,production
2026-02-21T15:45:52.162619,deploy_queue_production,0,0,0,0,production
2026-02-21T15:45:57.164477,deploy_queue_production,0,0,0,0,production
2026-02-21T15:46:02.167686,deploy_queue_production,0,0,0,0,production
2026-02-21T15:46:07.170105,deploy_queue_production,0,0,0,0,production
2026-02-21T15:46:12.172800,deploy_queue_production,0,0,0,0,production
2026-02-21T15:46:17.174806,deploy_queue_production,0,0,0,0,production
2026-02-21T15:46:22.176598,deploy_queue_production,0,0,0,0,production
2026-02-21T15:46:27.178719,deploy_queue_production,0,0,0,0,production
2026-02-21T15:46:32.181653,deploy_queue_production,0,0,0,0,production
2026-02-21T15:46:37.184602,deploy_queue_production,0,0,0,0,production
2026-02-21T15:46:42.187084,deploy_queue_production,0,0,0,0,production
2026-02-21T15:46:47.189260,deploy_queue_production,0,0,0,0,production
2026-02-21T15:46:52.191825,deploy_queue_production,0,0,0,0,production
2026-02-21T15:46:57.194393,deploy_queue_production,0,0,0,0,production
2026-02-21T15:47:02.196456,deploy_queue_production,0,0,0,0,production
2026-02-21T15:47:07.199268,deploy_queue_production,0,0,0,0,production
2026-02-21T15:47:12.202704,deploy_queue_production,0,0,0,0,production
2026-02-21T15:47:17.205406,deploy_queue_production,0,0,0,0,production
2026-02-21T15:47:22.207116,deploy_queue_production,0,0,0,0,production
2026-02-21T15:47:27.209126,deploy_queue_production,0,0,0,0,production
2026-02-21T15:47:32.211689,deploy_queue_production,0,0,0,0,production
2026-02-21T15:47:37.213843,deploy_queue_production,0,0,0,0,production
2026-02-21T15:47:42.215696,deploy_queue_production,0,0,0,0,production
2026-02-21T15:47:47.217839,deploy_queue_production,0,0,0,0,production
2026-02-21T15:47:52.219654,deploy_queue_production,0,0,0,0,production
2026-02-21T15:47:57.221836,deploy_queue_production,0,0,0,0,production
2026-02-21T15:48:02.224507,deploy_queue_production,0,0,0,0,production
2026-02-21T15:48:07.226541,deploy_queue_production,0,0,0,0,production
2026-02-21T15:48:12.228586,deploy_queue_production,0,0,0,0,production
2026-02-21T15:48:17.231101,deploy_queue_production,0,0,0,0,production
2026-02-21T15:48:22.233744,deploy_queue_production,0,0,0,0,production
2026-02-21T15:48:27.237040,deploy_queue_production,0,0,0,0,production
2026-02-21T15:48:32.239081,deploy_queue_production,0,0,0,0,production
2026-02-21T15:48:37.241264,deploy_queue_production,0,0,0,0,production
2026-02-21T15:48:42.243889,deploy_queue_production,0,0,0,0,production
2026-02-21T15:48:47.246527,deploy_queue_production,0,0,0,0,production
2026-02-21T15:48:52.249601,deploy_queue_production,0,0,0,0,production
2026-02-21T15:48:57.252826,deploy_queue_production,0,0,0,0,production
2026-02-21T15:49:02.255072,deploy_queue_production,0,0,0,0,production
2026-02-21T15:49:07.256750,deploy_queue_production,0,0,0,0,production
2026-02-21T15:49:12.258205,deploy_queue_production,0,0,0,0,production
2026-02-21T15:49:17.260300,deploy_queue_production,0,0,0,0,production
2026-02-21T15:49:22.262708,deploy_queue_production,0,0,0,0,production
2026-02-21T15:49:27.265419,deploy_queue_production,0,0,0,0,production
2026-02-21T15:49:32.268649,deploy_queue_production,0,0,0,0,production
2026-02-21T15:49:37.271513,deploy_queue_production,0,0,0,0,production
2026-02-21T15:49:42.273954,deploy_queue_production,0,0,0,0,production
2026-02-21T15:49:47.276534,deploy_queue_production,0,0,0,0,production
2026-02-21T15:49:52.278703,deploy_queue_production,0,0,0,0,production
2026-02-21T15:49:57.281723,deploy_queue_production,0,0,0,0,production
2026-02-21T15:50:02.283517,deploy_queue_production,0,0,0,0,production
2026-02-21T15:50:07.285780,deploy_queue_production,0,0,0,0,production
2026-02-21T15:50:12.287839,deploy_queue_production,0,0,0,0,production
2026-02-21T15:50:17.290456,deploy_queue_production,0,0,0,0,production
2026-02-21T15:50:22.292276,deploy_queue_production,0,0,0,0,production
2026-02-21T15:50:27.294753,deploy_queue_production,0,0,0,0,production
2026-02-21T15:50:32.297024,deploy_queue_production,0,0,0,0,production
2026-02-21T15:50:37.299907,deploy_queue_production,0,0,0,0,production
2026-02-21T15:50:42.303959,deploy_queue_production,0,0,0,0,production
2026-02-21T15:50:47.306249,deploy_queue_production,0,0,0,0,production
2026-02-21T15:50:52.308099,deploy_queue_production,0,0,0,0,production
2026-02-21T15:50:57.310673,deploy_queue_production,0,0,0,0,production
2026-02-21T15:51:02.312789,deploy_queue_production,0,0,0,0,production
2026-02-21T15:51:07.313946,deploy_queue_production,0,0,0,0,production
2026-02-21T15:51:12.315395,deploy_queue_production,0,0,0,0,production
2026-02-21T15:51:17.316844,deploy_queue_production,0,0,0,0,production
2026-02-21T15:51:22.318823,deploy_queue_production,0,0,0,0,production
2026-02-21T15:51:27.320217,deploy_queue_production,0,0,0,0,production
2026-02-21T15:51:32.321579,deploy_queue_production,0,0,0,0,production
2026-02-21T15:51:37.323218,deploy_queue_production,0,0,0,0,production
2026-02-21T15:51:42.325232,deploy_queue_production,0,0,0,0,production
2026-02-21T15:51:47.326965,deploy_queue_production,0,0,0,0,production
2026-02-21T15:51:52.328758,deploy_queue_production,0,0,0,0,production
2026-02-21T15:51:57.329714,deploy_queue_production,0,0,0,0,production
2026-02-21T15:52:02.331027,deploy_queue_production,0,0,0,0,production
2026-02-21T15:52:07.333516,deploy_queue_production,0,0,0,0,production
2026-02-21T15:52:12.335325,deploy_queue_production,0,0,0,0,production
2026-02-21T15:52:17.337072,deploy_queue_production,0,0,0,0,production
2026-02-21T15:52:22.339345,deploy_queue_production,0,0,0,0,production
2026-02-21T15:52:27.341677,deploy_queue_production,0,0,0,0,production
2026-02-21T15:52:32.343972,deploy_queue_production,0,0,0,0,production
2026-02-21T15:52:37.346171,deploy_queue_production,0,0,0,0,production
2026-02-21T15:52:42.347932,deploy_queue_production,0,0,0,0,production
2026-02-21T15:52:47.350477,deploy_queue_production,0,0,0,0,production
2026-02-21T15:52:52.353116,deploy_queue_production,0,0,0,0,production
2026-02-21T15:52:57.355900,deploy_queue_production,0,0,0,0,production
2026-02-21T15:53:02.358594,deploy_queue_production,0,0,0,0,production
2026-02-21T15:53:07.361290,deploy_queue_production,0,0,0,0,production
2026-02-21T15:53:12.363148,deploy_queue_production,0,0,0,0,production
2026-02-21T15:53:17.365260,deploy_queue_production,0,0,0,0,production
2026-02-21T15:53:22.368238,deploy_queue_production,0,0,0,0,production
2026-02-21T15:53:27.370198,deploy_queue_production,0,0,0,0,production
2026-02-21T15:53:32.372154,deploy_queue_production,0,0,0,0,production
2026-02-21T15:53:37.374901,deploy_queue_production,0,0,0,0,production
2026-02-21T15:53:42.377299,deploy_queue_production,0,0,0,0,production
2026-02-21T15:53:47.380035,deploy_queue_production,0,0,0,0,production
2026-02-21T15:53:52.382210,deploy_queue_production,0,0,0,0,production
2026-02-21T15:53:57.383931,deploy_queue_production,0,0,0,0,production
2026-02-21T15:54:02.386463,deploy_queue_production,0,0,0,0,production
2026-02-21T15:54:07.389515,deploy_queue_production,0,0,0,0,production
2026-02-21T15:54:12.391750,deploy_queue_production,0,0,0,0,production
2026-02-21T15:54:17.394303,deploy_queue_production,0,0,0,0,production
2026-02-21T15:54:22.396890,deploy_queue_production,0,0,0,0,production
2026-02-21T15:54:27.399091,deploy_queue_production,0,0,0,0,production
2026-02-21T15:54:32.400861,deploy_queue_production,0,0,0,0,production
2026-02-21T15:54:37.402498,deploy_queue_production,0,0,0,0,production
2026-02-21T15:54:42.403584,deploy_queue_production,0,0,0,0,production
2026-02-21T15:54:47.405344,deploy_queue_production,0,0,0,0,production
2026-02-21T15:54:52.407851,deploy_queue_production,0,0,0,0,production
2026-02-21T15:54:57.410586,deploy_queue_production,0,0,0,0,production
2026-02-21T15:55:02.412975,deploy_queue_production,0,0,0,0,production
2026-02-21T15:55:07.416084,deploy_queue_production,0,0,0,0,production
2026-02-21T15:55:12.419416,deploy_queue_production,0,0,0,0,production
2026-02-21T15:55:17.422025,deploy_queue_production,0,0,0,0,production
2026-02-21T15:55:22.424332,deploy_queue_production,0,0,0,0,production
2026-02-21T15:55:27.427067,deploy_queue_production,0,0,0,0,production
2026-02-21T15:55:32.430035,deploy_queue_production,0,0,0,0,production
2026-02-21T15:55:37.432307,deploy_queue_production,0,0,0,0,production
2026-02-21T15:55:42.434826,deploy_queue_production,0,0,0,0,production
2026-02-21T15:55:47.437412,deploy_queue_production,0,0,0,0,production
2026-02-21T15:55:52.439765,deploy_queue_production,0,0,0,0,production
2026-02-21T15:55:57.441703,deploy_queue_production,0,0,0,0,production
2026-02-21T15:56:02.444303,deploy_queue_production,0,0,0,0,production
2026-02-21T15:56:07.446839,deploy_queue_production,0,0,0,0,production
2026-02-21T15:56:12.448780,deploy_queue_production,0,0,0,0,production
2026-02-21T15:56:17.450109,deploy_queue_production,0,0,0,0,production
2026-02-21T15:56:22.451891,deploy_queue_production,0,0,0,0,production
2026-02-21T15:56:27.454305,deploy_queue_production,0,0,0,0,production
2026-02-21T15:56:32.457571,deploy_queue_production,0,0,0,0,production
2026-02-21T15:56:37.459016,deploy_queue_production,0,0,0,0,production
2026-02-21T15:56:42.461420,deploy_queue_production,0,0,0,0,production
2026-02-21T15:56:47.463541,deploy_queue_production,0,0,0,0,production
2026-02-21T15:56:52.465971,deploy_queue_production,0,0,0,0,production
2026-02-21T15:56:57.468527,deploy_queue_production,0,0,0,0,production
2026-02-21T15:57:02.470653,deploy_queue_production,0,0,0,0,production
2026-02-21T15:57:07.472760,deploy_queue_production,0,0,0,0,production
2026-02-21T15:57:12.475173,deploy_queue_production,0,0,0,0,production
2026-02-21T15:57:17.476891,deploy_queue_production,0,0,0,0,production
2026-02-21T15:57:22.479224,deploy_queue_production,0,0,0,0,production
2026-02-21T15:57:27.481685,deploy_queue_production,0,0,0,0,production
2026-02-21T15:57:32.483462,deploy_queue_production,0,0,0,0,production
2026-02-21T15:57:37.485706,deploy_queue_production,0,0,0,0,production
2026-02-21T15:57:42.488410,deploy_queue_production,0,0,0,0,production
2026-02-21T15:57:47.491057,deploy_queue_production,0,0,0,0,production
2026-02-21T15:57:52.493323,deploy_queue_production,0,0,0,0,production
2026-02-21T15:57:57.495731,deploy_queue_production,0,0,0,0,production
2026-02-21T15:58:02.497417,deploy_queue_production,0,0,0,0,production
2026-02-21T15:58:07.498850,deploy_queue_production,0,0,0,0,production
2026-02-21T15:58:12.501480,deploy_queue_production,0,0,0,0,production
2026-02-21T15:58:17.503976,deploy_queue_production,0,0,0,0,production
2026-02-21T15:58:22.505956,deploy_queue_production,0,0,0,0,production
2026-02-21T15:58:27.508502,deploy_queue_production,0,0,0,0,production
2026-02-21T15:58:32.510646,deploy_queue_production,0,0,0,0,production
2026-02-21T15:58:37.512481,deploy_queue_production,0,0,0,0,production
2026-02-21T15:58:42.514967,deploy_queue_production,0,0,0,0,production
2026-02-21T15:58:47.517815,deploy_queue_production,0,0,0,0,production
2026-02-21T15:58:52.520241,deploy_queue_production,0,0,0,0,production
2026-02-21T15:58:57.522419,deploy_queue_production,0,0,0,0,production
2026-02-21T15:59:02.524843,deploy_queue_production,0,0,0,0,production
2026-02-21T15:59:07.527620,deploy_queue_production,0,0,0,0,production
2026-02-21T15:59:12.530691,deploy_queue_production,0,0,0,0,production
2026-02-21T15:59:17.533584,deploy_queue_production,0,0,0,0,production
2026-02-21T15:59:22.535772,deploy_queue_production,0,0,0,0,production
2026-02-21T15:59:27.538053,deploy_queue_production,0,0,0,0,production
2026-02-21T15:59:32.540919,deploy_queue_production,0,0,0,0,production
2026-02-21T15:59:37.543044,deploy_queue_production,0,0,0,0,production
2026-02-21T15:59:42.544069,deploy_queue_production,0,0,0,0,production
2026-02-21T15:59:47.545949,deploy_queue_production,0,0,0,0,production
2026-02-21T15:59:52.547849,deploy_queue_production,0,0,0,0,production
2026-02-21T15:59:57.549625,deploy_queue_production,0,0,0,0,production
2026-02-21T16:00:02.551450,deploy_queue_production,0,0,0,0,production
2026-02-21T16:00:07.553349,deploy_queue_production,0,0,0,0,production
2026-02-21T16:00:12.554679,deploy_queue_production,0,0,0,0,production
2026-02-21T16:00:17.557098,deploy_queue_production,0,0,0,0,production
2026-02-21T16:00:22.559263,deploy_queue_production,0,0,0,0,production
2026-02-21T16:00:27.561067,deploy_queue_production,0,0,0,0,production
2026-02-21T16:00:32.563454,deploy_queue_production,0,0,0,0,production
2026-02-21T16:00:37.566121,deploy_queue_production,0,0,0,0,production
2026-02-21T16:00:42.568045,deploy_queue_production,0,0,0,0,production
2026-02-21T16:00:47.569260,deploy_queue_production,0,0,0,0,production
2026-02-21T16:00:52.570749,deploy_queue_production,0,0,0,0,production
2026-02-21T16:00:57.572164,deploy_queue_production,0,0,0,0,production
2026-02-21T16:01:02.574139,deploy_queue_production,0,0,0,0,production
2026-02-21T16:01:07.576510,deploy_queue_production,0,0,0,0,production
2026-02-21T16:01:12.578467,deploy_queue_production,0,0,0,0,production
2026-02-21T16:01:17.580326,deploy_queue_production,0,0,0,0,production
2026-02-21T16:01:22.583068,deploy_queue_production,0,0,0,0,production
2026-02-21T16:01:27.585957,deploy_queue_production,0,0,0,0,production
2026-02-21T16:01:32.587503,deploy_queue_production,0,0,0,0,production
2026-02-21T16:01:37.590226,deploy_queue_production,0,0,0,0,production
2026-02-21T16:01:42.593877,deploy_queue_production,0,0,0,0,production
2026-02-21T16:01:47.596583,deploy_queue_production,0,0,0,0,production
2026-02-21T16:01:52.599970,deploy_queue_production,0,0,0,0,production
2026-02-21T16:01:57.601202,deploy_queue_production,0,0,0,0,production
2026-02-21T16:02:02.603035,deploy_queue_production,0,0,0,0,production
2026-02-21T16:02:07.605345,deploy_queue_production,0,0,0,0,production
2026-02-21T16:02:12.607576,deploy_queue_production,0,0,0,0,production
2026-02-21T16:02:17.610319,deploy_queue_production,0,0,0,0,production
2026-02-21T16:02:22.612348,deploy_queue_production,0,0,0,0,production
2026-02-21T16:02:27.613605,deploy_queue_production,0,0,0,0,production
2026-02-21T16:02:32.614829,deploy_queue_production,0,0,0,0,production
2026-02-21T16:02:37.616559,deploy_queue_production,0,0,0,0,production
2026-02-21T16:02:42.618748,deploy_queue_production,0,0,0,0,production
2026-02-21T16:02:47.621468,deploy_queue_production,0,0,0,0,production
2026-02-21T16:02:52.623761,deploy_queue_production,0,0,0,0,production
2026-02-21T16:02:57.626453,deploy_queue_production,0,0,0,0,production
2026-02-21T16:03:02.629088,deploy_queue_production,0,0,0,0,production
2026-02-21T16:03:07.630682,deploy_queue_production,0,0,0,0,production
2026-02-21T16:03:12.632756,deploy_queue_production,0,0,0,0,production
2026-02-21T16:03:17.635385,deploy_queue_production,0,0,0,0,production
2026-02-21T16:03:22.637687,deploy_queue_production,0,0,0,0,production
2026-02-21T16:03:27.639743,deploy_queue_production,0,0,0,0,production
2026-02-21T16:03:32.642328,deploy_queue_production,0,0,0,0,production
2026-02-21T16:03:37.643884,deploy_queue_production,0,0,0,0,production
2026-02-21T16:03:42.645713,deploy_queue_production,0,0,0,0,production
2026-02-21T16:03:47.647446,deploy_queue_production,0,0,0,0,production
2026-02-21T16:03:52.649968,deploy_queue_production,0,0,0,0,production
2026-02-21T16:03:57.652547,deploy_queue_production,0,0,0,0,production
2026-02-21T16:04:02.655312,deploy_queue_production,0,0,0,0,production
2026-02-21T16:04:07.657394,deploy_queue_production,0,0,0,0,production
2026-02-21T16:04:12.659721,deploy_queue_production,0,0,0,0,production
2026-02-21T16:04:17.660934,deploy_queue_production,0,0,0,0,production
2026-02-21T16:04:22.662482,deploy_queue_production,0,0,0,0,production
2026-02-21T16:04:27.664446,deploy_queue_production,0,0,0,0,production
2026-02-21T16:04:32.666929,deploy_queue_production,0,0,0,0,production
2026-02-21T16:04:37.668618,deploy_queue_production,0,0,0,0,production
2026-02-21T16:04:42.669778,deploy_queue_production,0,0,0,0,production
2026-02-21T16:04:47.671684,deploy_queue_production,0,0,0,0,production
2026-02-21T16:04:52.675948,deploy_queue_production,0,0,0,0,production
2026-02-21T16:04:57.680534,deploy_queue_production,0,0,0,0,production
2026-02-21T16:05:02.683049,deploy_queue_production,0,0,0,0,production
2026-02-21T16:05:07.685217,deploy_queue_production,0,0,0,0,production
2026-02-21T16:05:12.686878,deploy_queue_production,0,0,0,0,production
2026-02-21T16:05:17.688406,deploy_queue_production,0,0,0,0,production
2026-02-21T16:05:22.690147,deploy_queue_production,0,0,0,0,production
2026-02-21T16:05:27.691613,deploy_queue_production,0,0,0,0,production
2026-02-21T16:05:32.693385,deploy_queue_production,0,0,0,0,production
2026-02-21T16:05:37.696057,deploy_queue_production,0,0,0,0,production
2026-02-21T16:05:42.698681,deploy_queue_production,0,0,0,0,production
2026-02-21T16:05:47.701324,deploy_queue_production,0,0,0,0,production
2026-02-21T16:05:52.703526,deploy_queue_production,0,0,0,0,production
2026-02-21T16:05:57.705141,deploy_queue_production,0,0,0,0,production
2026-02-21T16:06:02.706820,deploy_queue_production,0,0,0,0,production
2026-02-21T16:06:07.709669,deploy_queue_production,0,0,0,0,production
2026-02-21T16:06:12.711974,deploy_queue_production,0,0,0,0,production
2026-02-21T16:06:17.714437,deploy_queue_production,0,0,0,0,production
2026-02-21T16:06:22.716568,deploy_queue_production,0,0,0,0,production
2026-02-21T16:06:27.718870,deploy_queue_production,0,0,0,0,production
2026-02-21T16:06:32.722280,deploy_queue_production,0,0,0,0,production
2026-02-21T16:06:37.726411,deploy_queue_production,0,0,0,0,production
2026-02-21T16:06:42.728686,deploy_queue_production,0,0,0,0,production
2026-02-21T16:06:47.731350,deploy_queue_production,0,0,0,0,production
2026-02-21T16:06:52.734006,deploy_queue_production,0,0,0,0,production
2026-02-21T16:06:57.736814,deploy_queue_production,0,0,0,0,production
2026-02-21T16:07:02.739138,deploy_queue_production,0,0,0,0,production
2026-02-21T16:07:07.741534,deploy_queue_production,0,0,0,0,production
2026-02-21T16:07:12.744228,deploy_queue_production,0,0,0,0,production
2026-02-21T16:07:17.746574,deploy_queue_production,0,0,0,0,production
2026-02-21T16:07:22.749002,deploy_queue_production,0,0,0,0,production
2026-02-21T16:07:27.751601,deploy_queue_production,0,0,0,0,production
2026-02-21T16:07:32.753648,deploy_queue_production,0,0,0,0,production
2026-02-21T16:07:37.756219,deploy_queue_production,0,0,0,0,production
2026-02-21T16:07:42.758882,deploy_queue_production,0,0,0,0,production
2026-02-21T16:07:47.761476,deploy_queue_production,0,0,0,0,production
2026-02-21T16:07:52.763856,deploy_queue_production,0,0,0,0,production
2026-02-21T16:07:57.766560,deploy_queue_production,0,0,0,0,production
2026-02-21T16:08:02.768590,deploy_queue_production,0,0,0,0,production
2026-02-21T16:08:07.771375,deploy_queue_production,0,0,0,0,production
2026-02-21T16:08:12.774368,deploy_queue_production,0,0,0,0,production
2026-02-21T16:08:17.776827,deploy_queue_production,0,0,0,0,production
2026-02-21T16:08:22.779833,deploy_queue_production,0,0,0,0,production
2026-02-21T16:08:27.781810,deploy_queue_production,0,0,0,0,production
2026-02-21T16:08:32.783434,deploy_queue_production,0,0,0,0,production
2026-02-21T16:08:37.786160,deploy_queue_production,0,0,0,0,production
2026-02-21T16:08:42.788465,deploy_queue_production,0,0,0,0,production
2026-02-21T16:08:47.790457,deploy_queue_production,0,0,0,0,production
2026-02-21T16:08:52.792231,deploy_queue_production,0,0,0,0,production
2026-02-21T16:08:57.794924,deploy_queue_production,0,0,0,0,production
2026-02-21T16:09:02.799382,deploy_queue_production,0,0,0,0,production
2026-02-21T16:09:07.801413,deploy_queue_production,0,0,0,0,production
2026-02-21T16:09:12.803171,deploy_queue_production,0,0,0,0,production
2026-02-21T16:09:17.805348,deploy_queue_production,0,0,0,0,production
2026-02-21T16:09:22.807530,deploy_queue_production,0,0,0,0,production
2026-02-21T16:09:27.808804,deploy_queue_production,0,0,0,0,production
2026-02-21T16:09:32.810518,deploy_queue_production,0,0,0,0,production
2026-02-21T16:09:37.812736,deploy_queue_production,0,0,0,0,production
2026-02-21T16:09:42.814680,deploy_queue_production,0,0,0,0,production
2026-02-21T16:09:47.816592,deploy_queue_production,0,0,0,0,production
2026-02-21T16:09:52.817902,deploy_queue_production,0,0,0,0,production
2026-02-21T16:09:57.819634,deploy_queue_production,0,0,0,0,production
2026-02-21T16:10:02.820989,deploy_queue_production,0,0,0,0,production
2026-02-21T16:10:07.823016,deploy_queue_production,0,0,0,0,production
2026-02-21T16:10:12.824730,deploy_queue_production,0,0,0,0,production
2026-02-21T16:10:17.826123,deploy_queue_production,0,0,0,0,production
2026-02-21T16:10:22.827655,deploy_queue_production,0,0,0,0,production
2026-02-21T16:10:27.829194,deploy_queue_production,0,0,0,0,production
2026-02-21T16:10:32.831180,deploy_queue_production,0,0,0,0,production
2026-02-21T16:10:37.833875,deploy_queue_production,0,0,0,0,production
2026-02-21T16:10:42.836158,deploy_queue_production,0,0,0,0,production
2026-02-21T16:10:47.838571,deploy_queue_production,0,0,0,0,production
2026-02-21T16:10:52.840597,deploy_queue_production,0,0,0,0,production
2026-02-21T16:10:57.843302,deploy_queue_production,0,0,0,0,production
2026-02-21T16:11:02.844754,deploy_queue_production,0,0,0,0,production
2026-02-21T16:11:07.846267,deploy_queue_production,0,0,0,0,production
2026-02-21T16:11:12.848086,deploy_queue_production,0,0,0,0,production
2026-02-21T16:11:17.850620,deploy_queue_production,0,0,0,0,production
2026-02-21T16:11:22.852879,deploy_queue_production,0,0,0,0,production
2026-02-21T16:11:27.856060,deploy_queue_production,0,0,0,0,production
2026-02-21T16:11:32.857729,deploy_queue_production,0,0,0,0,production
2026-02-21T16:11:37.859704,deploy_queue_production,0,0,0,0,production
2026-02-21T16:11:42.862213,deploy_queue_production,0,0,0,0,production
2026-02-21T16:11:47.864452,deploy_queue_production,0,0,0,0,production
2026-02-21T16:11:52.866186,deploy_queue_production,0,0,0,0,production
2026-02-21T16:11:57.868307,deploy_queue_production,0,0,0,0,production
2026-02-21T16:12:02.870949,deploy_queue_production,0,0,0,0,production
2026-02-21T16:12:07.873356,deploy_queue_production,0,0,0,0,production
2026-02-21T16:12:12.875846,deploy_queue_production,0,0,0,0,production
2026-02-21T16:12:17.878363,deploy_queue_production,0,0,0,0,production
2026-02-21T16:12:22.880534,deploy_queue_production,0,0,0,0,production
2026-02-21T16:12:27.881939,deploy_queue_production,0,0,0,0,production
2026-02-21T16:12:32.883590,deploy_queue_production,0,0,0,0,production
2026-02-21T16:12:37.885718,deploy_queue_production,0,0,0,0,production
2026-02-21T16:12:42.888070,deploy_queue_production,0,0,0,0,production
2026-02-21T16:12:47.891333,deploy_queue_production,0,0,0,0,production
2026-02-21T16:12:52.894111,deploy_queue_production,0,0,0,0,production
2026-02-21T16:12:57.897032,deploy_queue_production,0,0,0,0,production
2026-02-21T16:13:02.900171,deploy_queue_production,0,0,0,0,production
2026-02-21T16:13:07.903062,deploy_queue_production,0,0,0,0,production
2026-02-21T16:13:12.904923,deploy_queue_production,0,0,0,0,production
2026-02-21T16:13:17.907305,deploy_queue_production,0,0,0,0,production
2026-02-21T16:13:22.909501,deploy_queue_production,0,0,0,0,production
2026-02-21T16:13:27.913935,deploy_queue_production,0,0,0,0,production
2026-02-21T16:13:32.915174,deploy_queue_production,0,0,0,0,production
2026-02-21T16:13:37.917240,deploy_queue_production,0,0,0,0,production
2026-02-21T16:13:42.919207,deploy_queue_production,0,0,0,0,production
2026-02-21T16:13:47.921713,deploy_queue_production,0,0,0,0,production
2026-02-21T16:13:52.923902,deploy_queue_production,0,0,0,0,production
2026-02-21T16:13:57.926183,deploy_queue_production,0,0,0,0,production
2026-02-21T16:14:02.927949,deploy_queue_production,0,0,0,0,production
2026-02-21T16:14:07.931185,deploy_queue_production,0,0,0,0,production
2026-02-21T16:14:12.933425,deploy_queue_production,0,0,0,0,production
2026-02-21T16:14:17.937093,deploy_queue_production,0,0,0,0,production
2026-02-21T16:14:22.939420,deploy_queue_production,0,0,0,0,production
2026-02-21T16:14:27.941957,deploy_queue_production,0,0,0,0,production
2026-02-21T16:14:32.945574,deploy_queue_production,0,0,0,0,production
2026-02-21T16:14:37.948010,deploy_queue_production,0,0,0,0,production
2026-02-21T16:14:42.949695,deploy_queue_production,0,0,0,0,production
2026-02-21T16:14:47.952045,deploy_queue_production,0,0,0,0,production
2026-02-21T16:14:52.953701,deploy_queue_production,0,0,0,0,production
2026-02-21T16:14:57.955476,deploy_queue_production,0,0,0,0,production
2026-02-21T16:15:02.957130,deploy_queue_production,0,0,0,0,production
2026-02-21T16:15:07.959562,deploy_queue_production,0,0,0,0,production
2026-02-21T16:15:12.961453,deploy_queue_production,0,0,0,0,production
2026-02-21T16:15:17.963533,deploy_queue_production,0,0,0,0,production
2026-02-21T16:15:22.964967,deploy_queue_production,0,0,0,0,production
2026-02-21T16:15:27.966611,deploy_queue_production,0,0,0,0,production
2026-03-06T12:28:37.669005,deploy_queue_production,0,0,0,0,production
2026-03-06T12:28:42.675446,deploy_queue_production,0,0,0,0,production
2026-03-06T12:28:47.691123,deploy_queue_production,0,0,0,0,production
2026-03-06T12:28:52.694159,deploy_queue_production,0,0,0,0,production
2026-03-06T12:28:57.706413,deploy_queue_production,0,0,0,0,production
2026-03-06T12:29:02.717703,deploy_queue_production,0,0,0,0,production
2026-03-06T12:29:07.725852,deploy_queue_production,0,0,0,0,production
2026-03-06T12:29:12.732103,deploy_queue_production,0,0,0,0,production
2026-03-06T12:29:17.744609,deploy_queue_production,0,0,0,0,production
2026-03-06T12:29:22.753195,deploy_queue_production,0,0,0,0,production
2026-03-06T12:29:27.765221,deploy_queue_production,0,0,0,0,production
2026-03-06T12:29:32.777402,deploy_queue_production,0,0,0,0,production
2026-03-06T12:29:37.786252,deploy_queue_production,0,0,0,0,production
2026-03-06T12:29:42.797643,deploy_queue_production,0,0,0,0,production
2026-03-06T12:29:47.804678,deploy_queue_production,0,0,0,0,production
2026-03-06T12:29:52.812238,deploy_queue_production,0,0,0,0,production
2026-03-06T12:29:57.828320,deploy_queue_production,0,0,0,0,production
2026-03-06T12:30:02.840617,deploy_queue_production,0,0,0,0,production
2026-03-06T12:30:07.847811,deploy_queue_production,0,0,0,0,production
2026-03-06T12:30:12.851709,deploy_queue_production,0,0,0,0,production
2026-03-06T12:30:17.858941,deploy_queue_production,0,0,0,0,production
2026-03-06T12:30:22.876499,deploy_queue_production,0,0,0,0,production
2026-03-06T12:30:27.890939,deploy_queue_production,0,0,0,0,production
2026-03-06T12:30:32.907243,deploy_queue_production,0,0,0,0,production
2026-03-06T12:30:37.909840,deploy_queue_production,0,0,0,0,production
2026-03-06T12:30:42.914358,deploy_queue_production,0,0,0,0,production
2026-03-06T12:30:47.930568,deploy_queue_production,0,0,0,0,production
2026-03-06T12:30:52.934601,deploy_queue_production,0,0,0,0,production
2026-03-06T12:30:57.949969,deploy_queue_production,0,0,0,0,production
2026-03-06T12:31:02.962830,deploy_queue_production,0,0,0,0,production
2026-03-06T12:31:07.968324,deploy_queue_production,0,0,0,0,production
2026-03-06T12:31:12.972354,deploy_queue_production,0,0,0,0,production
2026-03-06T12:31:17.982478,deploy_queue_production,0,0,0,0,production
2026-03-06T12:31:22.996806,deploy_queue_production,0,0,0,0,production
2026-03-06T12:31:27.999195,deploy_queue_production,0,0,0,0,production
2026-03-06T12:31:33.012704,deploy_queue_production,0,0,0,0,production
2026-03-06T12:31:38.028155,deploy_queue_production,0,0,0,0,production
2026-03-06T12:31:43.037085,deploy_queue_production,0,0,0,0,production
2026-03-06T12:31:48.044714,deploy_queue_production,0,0,0,0,production
2026-03-06T12:31:53.056404,deploy_queue_production,0,0,0,0,production
2026-03-06T12:31:58.064787,deploy_queue_production,0,0,0,0,production
2026-03-06T12:32:03.076166,deploy_queue_production,0,0,0,0,production
2026-03-06T12:32:08.085328,deploy_queue_production,0,0,0,0,production
2026-03-06T12:32:13.093607,deploy_queue_production,0,0,0,0,production
2026-03-06T12:32:18.108757,deploy_queue_production,0,0,0,0,production
2026-03-06T12:32:23.123351,deploy_queue_production,0,0,0,0,production
2026-03-06T12:32:28.136398,deploy_queue_production,0,0,0,0,production
2026-03-06T12:32:33.141306,deploy_queue_production,0,0,0,0,production
2026-03-06T12:32:38.143776,deploy_queue_production,0,0,0,0,production
2026-03-06T12:32:43.153099,deploy_queue_production,0,0,0,0,production
2026-03-06T12:32:48.154453,deploy_queue_production,0,0,0,0,production
2026-03-06T12:32:53.160402,deploy_queue_production,0,0,0,0,production
2026-03-06T12:32:58.173667,deploy_queue_production,0,0,0,0,production
2026-03-06T12:33:03.190354,deploy_queue_production,0,0,0,0,production
2026-03-06T12:33:08.205091,deploy_queue_production,0,0,0,0,production
2026-03-06T12:33:13.214855,deploy_queue_production,0,0,0,0,production
2026-03-06T12:33:18.218675,deploy_queue_production,0,0,0,0,production
2026-03-06T12:33:23.236922,deploy_queue_production,0,0,0,0,production
2026-03-06T12:33:28.243144,deploy_queue_production,0,0,0,0,production
2026-03-06T12:33:33.254806,deploy_queue_production,0,0,0,0,production
2026-03-06T12:33:38.270754,deploy_queue_production,0,0,0,0,production
2026-03-06T12:33:43.281914,deploy_queue_production,0,0,0,0,production
2026-03-06T12:33:48.284659,deploy_queue_production,0,0,0,0,production
2026-03-06T12:33:53.298315,deploy_queue_production,0,0,0,0,production
2026-03-06T12:33:58.307022,deploy_queue_production,0,0,0,0,production
2026-03-06T12:34:03.317232,deploy_queue_production,0,0,0,0,production
2026-03-06T12:34:08.332660,deploy_queue_production,0,0,0,0,production
