timestamp,service_name,status,uptime_seconds,downtime_seconds,availability_percent,environment
2026-02-21T14:57:00.939471,multi_deploy_agent_production,running,0.0,0,100,production
2026-02-21T14:57:05.941565,multi_deploy_agent_production,running,5.0,0,100.0,production
2026-02-21T14:57:10.943621,multi_deploy_agent_production,running,5.0,0,100.0,production
2026-02-21T14:57:15.945735,multi_deploy_agent_production,running,5.0,0,100.0,production
2026-02-21T14:57:20.947167,multi_deploy_agent_production,running,5.0,0,100.0,production
2026-02-21T14:57:25.948417,multi_deploy_agent_production,running,5.0,0,100.0,production
2026-02-21T14:57:30.951544,multi_deploy_agent_production,running,5.0,0,100.0,production
2026-02-21T14:57:35.953507,multi_deploy_agent_production,running,5.0,0,100.0,production
2026-02-21T14:57:40.954823,multi_deploy_agent_production,running,5.0,0,100.0,production
2026-02-21T14:57:45.955951,multi_deploy_agent_production,running,5.0,0,100.0,production
2026-02-21T14:57:50.959226,multi_deploy_agent_production,running,5.0,0,100.0,production
2026-02-21T14:57:55.960477,multi_deploy_agent_production,running,5.0,0,100.0,production
2026-02-21T14:58:00.961855,multi_deploy_agent_production,running,5.0,0,100.0,production
2026-02-21T14:58:05.963561,multi_deploy_agent_production,running,5.0,0,100.0,production
2026-02-21T14:58:10.964937,multi_deploy_agent_production,running,5.0,0,100.0,production
2026-02-21T14:58:15.966311,multi_deploy_agent_production,running,5.0,0,100.0,production
2026-02-21T14:58:20.967947,multi_deploy_agent_production,running,5.0,0,100.0,production
2026-02-21T14:58:25.969502,multi_deploy_agent_production,running,5.0,0,100.0,production
2026-02-21T14:58:30.971072,multi_deploy_agent_production,running,5.0,0,100.0,production
2026-02-21T14:58:35.973966,multi_deploy_agent_production,running,5.0,0,100.0,production
2026-02-21T14:58:40.975816,multi_deploy_agent_production,running,5.0,0,100.0,production
2026-02-21T14:58:45.978091,multi_deploy_agent_production,running,5.0,0,100.0,production
2026-02-21T14:58:50.980199,multi_deploy_agent_production,running,5.0,0,100.0,production
2026-02-21T14:58:55.982229,multi_deploy_agent_production,running,5.0,0,100.0,production
2026-02-21T14:59:00.984457,multi_deploy_agent_production,running,5.0,0,100.0,production
2026-02-21T14:59:05.986215,multi_deploy_agent_production,running,5.0,0,100.0,production
2026-02-21T14:59:10.987875,multi_deploy_agent_production,running,5.0,0,100.0,production
2026-02-21T14:59:15.989077,multi_deploy_agent_production,running,5.0,0,100.0,production
2026-02-21T14:59:20.991048,multi_deploy_agent_production,running,5.0,0,100.0,production
2026-02-21T14:59:25.993566,multi_deploy_agent_production,running,5.0,0,100.0,production
2026-02-21T14:59:30.995164,multi_deploy_agent_production,running,5.0,0,100.0,production
2026-02-21T14:59:35.996991,multi_deploy_agent_production,running,5.0,0,100.0,production
2026-02-21T14:59:40.999334,multi_deploy_agent_production,running,5.0,0,100.0,production
2026-02-21T14:59:46.000711,multi_deploy_agent_production,running,5.0,0,100.0,production
2026-02-21T14:59:51.002486,multi_deploy_agent_production,running,5.0,0,100.0,production
2026-02-21T14:59:56.004158,multi_deploy_agent_production,running,5.0,0,100.0,production
2026-02-21T15:00:01.005556,multi_deploy_agent_production,running,5.0,0,100.0,production
2026-02-21T15:00:06.006690,multi_deploy_agent_production,running,5.0,0,100.0,production
2026-02-21T15:00:11.008580,multi_deploy_agent_production,running,5.0,0,100.0,production
2026-02-21T15:00:16.010867,multi_deploy_agent_production,running,5.0,0,100.0,production
2026-02-21T15:00:21.012306,multi_deploy_agent_production,running,5.0,0,100.0,production
2026-02-21T15:00:26.014545,multi_deploy_agent_production,running,5.0,0,100.0,production
2026-02-21T15:00:31.016087,multi_deploy_agent_production,running,5.0,0,100.0,production
2026-02-21T15:00:36.017970,multi_deploy_agent_production,running,5.0,0,100.0,production
2026-02-21T15:00:41.019415,multi_deploy_agent_production,running,5.0,0,100.0,production
2026-02-21T15:00:46.021165,multi_deploy_agent_production,running,5.0,0,100.0,production
2026-02-21T15:00:51.023064,multi_deploy_agent_production,running,5.0,0,100.0,production
2026-02-21T15:00:56.024543,multi_deploy_agent_production,running,5.0,0,100.0,production
2026-02-21T15:01:01.026043,multi_deploy_agent_production,running,5.0,0,100.0,production
2026-02-21T15:01:06.027366,multi_deploy_agent_production,running,5.0,0,100.0,production
2026-02-21T15:01:11.028757,multi_deploy_agent_production,running,5.0,0,100.0,production
2026-02-21T15:01:16.030318,multi_deploy_agent_production,running,5.0,0,100.0,production
2026-02-21T15:01:21.032227,multi_deploy_agent_production,running,5.0,0,100.0,production
2026-02-21T15:01:26.033447,multi_deploy_agent_production,running,5.0,0,100.0,production
2026-02-21T15:01:31.034754,multi_deploy_agent_production,running,5.0,0,100.0,production
2026-02-21T15:01:36.036426,multi_deploy_agent_production,running,5.0,0,100.0,production
2026-02-21T15:01:41.037934,multi_deploy_agent_production,running,5.0,0,100.0,production
2026-02-21T15:01:46.039369,multi_deploy_agent_production,running,5.0,0,100.0,production
2026-02-21T15:01:51.041532,multi_deploy_agent_production,running,5.0,0,100.0,production
2026-02-21T15:01:56.042615,multi_deploy_agent_production,running,5.0,0,100.0,production
2026-02-21T15:02:01.043640,multi_deploy_agent_production,running,5.0,0,100.0,production
2026-02-21T15:02:06.045637,multi_deploy_agent_production,running,5.0,0,100.0,production
2026-02-21T15:02:11.047688,multi_deploy_agent_production,running,5.0,0,100.0,production
2026-02-21T15:02:16.048940,multi_deploy_agent_production,running,5.0,0,100.0,production
2026-02-21T15:02:21.052185,multi_deploy_agent_production,running,5.0,0,100.0,production
2026-02-21T15:02:26.053782,multi_deploy_agent_production,running,5.0,0,100.0,production
2026-02-21T15:02:31.055928,multi_deploy_agent_production,running,5.0,0,100.0,production
2026-02-21T15:02:36.058405,multi_deploy_agent_production,running,5.0,0,100.0,production
2026-02-21T15:02:41.059879,multi_deploy_agent_production,running,5.0,0,100.0,production
2026-02-21T15:02:46.061337,multi_deploy_agent_production,running,5.0,0,100.0,production
2026-02-21T15:02:51.062667,multi_deploy_agent_production,running,5.0,0,100.0,production
2026-02-21T15:02:56.064719,multi_deploy_agent_production,running,5.0,0,100.0,production
2026-02-21T15:03:01.065996,multi_deploy_agent_production,running,5.0,0,100.0,production
2026-02-21T15:03:06.067586,multi_deploy_agent_production,running,5.0,0,100.0,production
2026-02-21T15:03:11.069297,multi_deploy_agent_production,running,5.0,0,100.0,production
2026-02-21T15:03:16.070964,multi_deploy_agent_production,running,5.0,0,100.0,production
2026-02-21T15:03:21.072997,multi_deploy_agent_production,running,5.0,0,100.0,production
2026-02-21T15:03:26.074450,multi_deploy_agent_production,running,5.0,0,100.0,production
2026-02-21T15:03:31.076207,multi_deploy_agent_production,running,5.0,0,100.0,production
2026-02-21T15:03:36.077488,multi_deploy_agent_production,running,5.0,0,100.0,production
2026-02-21T15:03:41.078690,multi_deploy_agent_production,running,5.0,0,100.0,production
2026-02-21T15:03:46.080350,multi_deploy_agent_production,running,5.0,0,100.0,production
2026-02-21T15:03:51.082191,multi_deploy_agent_production,running,5.0,0,100.0,production
2026-02-21T15:03:56.083564,multi_deploy_agent_production,running,5.0,0,100.0,production
2026-02-21T15:04:01.085114,multi_deploy_agent_production,running,5.0,0,100.0,production
2026-02-21T15:04:06.086772,multi_deploy_agent_production,running,5.0,0,100.0,production
2026-02-21T15:04:11.087881,multi_deploy_agent_production,running,5.0,0,100.0,production
2026-02-21T15:04:16.089133,multi_deploy_agent_production,running,5.0,0,100.0,production
2026-02-21T15:04:21.091450,multi_deploy_agent_production,running,5.0,0,100.0,production
2026-02-21T15:04:26.094021,multi_deploy_agent_production,running,5.0,0,100.0,production
2026-02-21T15:04:31.095575,multi_deploy_agent_production,running,5.0,0,100.0,production
2026-02-21T15:04:36.098151,multi_deploy_agent_production,running,5.0,0,100.0,production
2026-02-21T15:04:41.100034,multi_deploy_agent_production,running,5.0,0,100.0,production
2026-02-21T15:04:46.101191,multi_deploy_agent_production,running,5.0,0,100.0,production
2026-02-21T15:04:51.103612,multi_deploy_agent_production,running,5.0,0,100.0,production
2026-02-21T15:04:56.105421,multi_deploy_agent_production,running,5.0,0,100.0,production
2026-02-21T15:05:01.108123,multi_deploy_agent_production,running,5.0,0,100.0,production
2026-02-21T15:05:06.110375,multi_deploy_agent_production,running,5.0,0,100.0,production
2026-02-21T15:05:11.113195,multi_deploy_agent_production,running,5.0,0,100.0,production
2026-02-21T15:05:16.115097,multi_deploy_agent_production,running,5.0,0,100.0,production
2026-02-21T15:05:21.116943,multi_deploy_agent_production,running,5.0,0,100.0,production
2026-02-21T15:05:26.118915,multi_deploy_agent_production,running,5.0,0,100.0,production
2026-02-21T15:05:31.122243,multi_deploy_agent_production,running,5.0,0,100.0,production
2026-02-21T15:05:36.124053,multi_deploy_agent_production,running,5.0,0,100.0,production
2026-02-21T15:05:41.125840,multi_deploy_agent_production,running,5.0,0,100.0,production
2026-02-21T15:05:46.127588,multi_deploy_agent_production,running,5.0,0,100.0,production
2026-02-21T15:05:51.129758,multi_deploy_agent_production,running,5.0,0,100.0,production
2026-02-21T15:05:56.131902,multi_deploy_agent_production,running,5.0,0,100.0,production
2026-02-21T15:06:01.134469,multi_deploy_agent_production,running,5.0,0,100.0,production
2026-02-21T15:06:06.135591,multi_deploy_agent_production,running,5.0,0,100.0,production
2026-02-21T15:06:11.137540,multi_deploy_agent_production,running,5.0,0,100.0,production
2026-02-21T15:06:16.140740,multi_deploy_agent_production,running,5.0,0,100.0,production
2026-02-21T15:06:21.143240,multi_deploy_agent_production,running,5.0,0,100.0,production
2026-02-21T15:06:26.144777,multi_deploy_agent_production,running,5.0,0,100.0,production
2026-02-21T15:06:31.145948,multi_deploy_agent_production,running,5.0,0,100.0,production
2026-02-21T15:06:36.147877,multi_deploy_agent_production,running,5.0,0,100.0,production
2026-02-21T15:06:41.150049,multi_deploy_agent_production,running,5.0,0,100.0,production
2026-02-21T15:06:46.152344,multi_deploy_agent_production,running,5.0,0,100.0,production
2026-02-21T15:06:51.154017,multi_deploy_agent_production,running,5.0,0,100.0,production
2026-02-21T15:06:56.156256,multi_deploy_agent_production,running,5.0,0,100.0,production
2026-02-21T15:07:01.157954,multi_deploy_agent_production,running,5.0,0,100.0,production
2026-02-21T15:07:06.160735,multi_deploy_agent_production,running,5.0,0,100.0,production
2026-02-21T15:07:11.163008,multi_deploy_agent_production,running,5.0,0,100.0,production
2026-02-21T15:07:16.166368,multi_deploy_agent_production,running,5.0,0,100.0,production
2026-02-21T15:07:21.168103,multi_deploy_agent_production,running,5.0,0,100.0,production
2026-02-21T15:07:26.169455,multi_deploy_agent_production,running,5.0,0,100.0,production
2026-02-21T15:07:31.171362,multi_deploy_agent_production,running,5.0,0,100.0,production
2026-02-21T15:07:36.173097,multi_deploy_agent_production,running,5.0,0,100.0,production
2026-02-21T15:07:41.175287,multi_deploy_agent_production,running,5.0,0,100.0,production
2026-02-21T15:07:46.177878,multi_deploy_agent_production,running,5.0,0,100.0,production
2026-02-21T15:07:51.180278,multi_deploy_agent_production,running,5.0,0,100.0,production
2026-02-21T15:07:56.182036,multi_deploy_agent_production,running,5.0,0,100.0,production
2026-02-21T15:08:01.184373,multi_deploy_agent_production,running,5.0,0,100.0,production
2026-02-21T15:08:06.185719,multi_deploy_agent_production,running,5.0,0,100.0,production
2026-02-21T15:08:11.188237,multi_deploy_agent_production,running,5.0,0,100.0,production
2026-02-21T15:08:16.189857,multi_deploy_agent_production,running,5.0,0,100.0,production
2026-02-21T15:08:21.191739,multi_deploy_agent_production,running,5.0,0,100.0,production
2026-02-21T15:08:26.194593,multi_deploy_agent_production,running,5.0,0,100.0,production
2026-02-21T15:08:31.197113,multi_deploy_agent_production,running,5.0,0,100.0,production
2026-02-21T15:08:36.198309,multi_deploy_agent_production,running,5.0,0,100.0,production
2026-02-21T15:08:41.200600,multi_deploy_agent_production,running,5.0,0,100.0,production
2026-02-21T15:08:46.202684,multi_deploy_agent_production,running,5.0,0,100.0,production
2026-02-21T15:08:51.205143,multi_deploy_agent_production,running,5.0,0,100.0,production
2026-02-21T15:08:56.207500,multi_deploy_agent_production,running,5.0,0,100.0,production
2026-02-21T15:09:01.210766,multi_deploy_agent_production,running,5.0,0,100.0,production
2026-02-21T15:09:06.212514,multi_deploy_agent_production,running,5.0,0,100.0,production
2026-02-21T15:09:11.214934,multi_deploy_agent_production,running,5.0,0,100.0,production
2026-02-21T15:09:16.216865,multi_deploy_agent_production,running,5.0,0,100.0,production
2026-02-21T15:09:21.218558,multi_deploy_agent_production,running,5.0,0,100.0,production
2026-02-21T15:09:26.219751,multi_deploy_agent_production,running,5.0,0,100.0,production
2026-02-21T15:09:31.221691,multi_deploy_agent_production,running,5.0,0,100.0,production
2026-02-21T15:09:36.224297,multi_deploy_agent_production,running,5.0,0,100.0,production
2026-02-21T15:09:41.227237,multi_deploy_agent_production,running,5.0,0,100.0,production
2026-02-21T15:09:46.230156,multi_deploy_agent_production,running,5.0,0,100.0,production
2026-02-21T15:09:51.232890,multi_deploy_agent_production,running,5.0,0,100.0,production
2026-02-21T15:09:56.234519,multi_deploy_agent_production,running,5.0,0,100.0,production
2026-02-21T15:10:01.235991,multi_deploy_agent_production,running,5.0,0,100.0,production
2026-02-21T15:10:06.237948,multi_deploy_agent_production,running,5.0,0,100.0,production
2026-02-21T15:10:11.239446,multi_deploy_agent_production,running,5.0,0,100.0,production
2026-02-21T15:10:16.240807,multi_deploy_agent_production,running,5.0,0,100.0,production
2026-02-21T15:10:21.242140,multi_deploy_agent_production,running,5.0,0,100.0,production
2026-02-21T15:10:26.243602,multi_deploy_agent_production,running,5.0,0,100.0,production
2026-02-21T15:10:31.245010,multi_deploy_agent_production,running,5.0,0,100.0,production
2026-02-21T15:10:36.246055,multi_deploy_agent_production,running,5.0,0,100.0,production
2026-02-21T15:10:41.247368,multi_deploy_agent_production,running,5.0,0,100.0,production
2026-02-21T15:10:46.249682,multi_deploy_agent_production,running,5.0,0,100.0,production
2026-02-21T15:10:51.251201,multi_deploy_agent_production,running,5.0,0,100.0,production
2026-02-21T15:10:56.253328,multi_deploy_agent_production,running,5.0,0,100.0,production
2026-02-21T15:11:01.256350,multi_deploy_agent_production,running,5.0,0,100.0,production
2026-02-21T15:11:06.258680,multi_deploy_agent_production,running,5.0,0,100.0,production
2026-02-21T15:11:11.260484,multi_deploy_agent_production,running,5.0,0,100.0,production
2026-02-21T15:11:16.263380,multi_deploy_agent_production,running,5.0,0,100.0,production
2026-02-21T15:11:21.265741,multi_deploy_agent_production,running,5.0,0,100.0,production
2026-02-21T15:11:26.267756,multi_deploy_agent_production,running,5.0,0,100.0,production
2026-02-21T15:11:31.270298,multi_deploy_agent_production,running,5.0,0,100.0,production
2026-02-21T15:11:36.273146,multi_deploy_agent_production,running,5.0,0,100.0,production
2026-02-21T15:11:41.274961,multi_deploy_agent_production,running,5.0,0,100.0,production
2026-02-21T15:11:46.276306,multi_deploy_agent_production,running,5.0,0,100.0,production
2026-02-21T15:11:51.278948,multi_deploy_agent_production,running,5.0,0,100.0,production
2026-02-21T15:11:56.280527,multi_deploy_agent_production,running,5.0,0,100.0,production
2026-02-21T15:12:01.282587,multi_deploy_agent_production,running,5.0,0,100.0,production
2026-02-21T15:12:06.284236,multi_deploy_agent_production,running,5.0,0,100.0,production
2026-02-21T15:12:11.285422,multi_deploy_agent_production,running,5.0,0,100.0,production
2026-02-21T15:12:16.287478,multi_deploy_agent_production,running,5.0,0,100.0,production
2026-02-21T15:12:21.289898,multi_deploy_agent_production,running,5.0,0,100.0,production
2026-02-21T15:12:26.291867,multi_deploy_agent_production,running,5.0,0,100.0,production
2026-02-21T15:12:31.294769,multi_deploy_agent_production,running,5.0,0,100.0,production
2026-02-21T15:12:36.297010,multi_deploy_agent_production,running,5.0,0,100.0,production
2026-02-21T15:12:41.298536,multi_deploy_agent_production,running,5.0,0,100.0,production
2026-02-21T15:12:46.300081,multi_deploy_agent_production,running,5.0,0,100.0,production
2026-02-21T15:12:51.301533,multi_deploy_agent_production,running,5.0,0,100.0,production
2026-02-21T15:12:56.302935,multi_deploy_agent_production,running,5.0,0,100.0,production
2026-02-21T15:13:01.304400,multi_deploy_agent_production,running,5.0,0,100.0,production
2026-02-21T15:13:06.305748,multi_deploy_agent_production,running,5.0,0,100.0,production
2026-02-21T15:13:11.307395,multi_deploy_agent_production,running,5.0,0,100.0,production
2026-02-21T15:13:16.309206,multi_deploy_agent_production,running,5.0,0,100.0,production
2026-02-21T15:13:21.310964,multi_deploy_agent_production,running,5.0,0,100.0,production
2026-02-21T15:13:26.312451,multi_deploy_agent_production,running,5.0,0,100.0,production
2026-02-21T15:13:31.314308,multi_deploy_agent_production,running,5.0,0,100.0,production
2026-02-21T15:13:36.316633,multi_deploy_agent_production,running,5.0,0,100.0,production
2026-02-21T15:13:41.318603,multi_deploy_agent_production,running,5.0,0,100.0,production
2026-02-21T15:13:46.319765,multi_deploy_agent_production,running,5.0,0,100.0,production
2026-02-21T15:13:51.321532,multi_deploy_agent_production,running,5.0,0,100.0,production
2026-02-21T15:13:56.323842,multi_deploy_agent_production,running,5.0,0,100.0,production
2026-02-21T15:14:01.325817,multi_deploy_agent_production,running,5.0,0,100.0,production
2026-02-21T15:14:06.327835,multi_deploy_agent_production,running,5.0,0,100.0,production
2026-02-21T15:14:11.329957,multi_deploy_agent_production,running,5.0,0,100.0,production
2026-02-21T15:14:16.331530,multi_deploy_agent_production,running,5.0,0,100.0,production
2026-02-21T15:14:21.334295,multi_deploy_agent_production,running,5.0,0,100.0,production
2026-02-21T15:14:26.335712,multi_deploy_agent_production,running,5.0,0,100.0,production
2026-02-21T15:14:31.337523,multi_deploy_agent_production,running,5.0,0,100.0,production
2026-02-21T15:14:36.339098,multi_deploy_agent_production,running,5.0,0,100.0,production
2026-02-21T15:14:41.340913,multi_deploy_agent_production,running,5.0,0,100.0,production
2026-02-21T15:14:46.342263,multi_deploy_agent_production,running,5.0,0,100.0,production
2026-02-21T15:14:51.343674,multi_deploy_agent_production,running,5.0,0,100.0,production
2026-02-21T15:14:56.346103,multi_deploy_agent_production,running,5.0,0,100.0,production
2026-02-21T15:15:01.348151,multi_deploy_agent_production,running,5.0,0,100.0,production
2026-02-21T15:15:06.349261,multi_deploy_agent_production,running,5.0,0,100.0,production
2026-02-21T15:15:11.350573,multi_deploy_agent_production,running,5.0,0,100.0,production
2026-02-21T15:15:16.352264,multi_deploy_agent_production,running,5.0,0,100.0,production
2026-02-21T15:15:21.354171,multi_deploy_agent_production,running,5.0,0,100.0,production
2026-02-21T15:15:26.355578,multi_deploy_agent_production,running,5.0,0,100.0,production
2026-02-21T15:15:31.357266,multi_deploy_agent_production,running,5.0,0,100.0,production
2026-02-21T15:15:36.359451,multi_deploy_agent_production,running,5.0,0,100.0,production
2026-02-21T15:15:41.361341,multi_deploy_agent_production,running,5.0,0,100.0,production
2026-02-21T15:15:46.363608,multi_deploy_agent_production,running,5.0,0,100.0,production
2026-02-21T15:15:51.364997,multi_deploy_agent_production,running,5.0,0,100.0,production
2026-02-21T15:15:56.366146,multi_deploy_agent_production,running,5.0,0,100.0,production
2026-02-21T15:16:01.368555,multi_deploy_agent_production,running,5.0,0,100.0,production
2026-02-21T15:16:06.369848,multi_deploy_agent_production,running,5.0,0,100.0,production
2026-02-21T15:16:11.371347,multi_deploy_agent_production,running,5.0,0,100.0,production
2026-02-21T15:16:16.373154,multi_deploy_agent_production,running,5.0,0,100.0,production
2026-02-21T15:16:21.375066,multi_deploy_agent_production,running,5.0,0,100.0,production
2026-02-21T15:16:26.376612,multi_deploy_agent_production,running,5.0,0,100.0,production
2026-02-21T15:16:31.377877,multi_deploy_agent_production,running,5.0,0,100.0,production
2026-02-21T15:16:36.379503,multi_deploy_agent_production,running,5.0,0,100.0,production
2026-02-21T15:16:41.381318,multi_deploy_agent_production,running,5.0,0,100.0,production
2026-02-21T15:16:46.383126,multi_deploy_agent_production,running,5.0,0,100.0,production
2026-02-21T15:16:51.384562,multi_deploy_agent_production,running,5.0,0,100.0,production
2026-02-21T15:16:56.387030,multi_deploy_agent_production,running,5.0,0,100.0,production
2026-02-21T15:17:01.389599,multi_deploy_agent_production,running,5.0,0,100.0,production
2026-02-21T15:17:06.391900,multi_deploy_agent_production,running,5.0,0,100.0,production
2026-02-21T15:17:11.393379,multi_deploy_agent_production,running,5.0,0,100.0,production
2026-02-21T15:17:16.395361,multi_deploy_agent_production,running,5.0,0,100.0,production
2026-02-21T15:17:21.397279,multi_deploy_agent_production,running,5.0,0,100.0,production
2026-02-21T15:17:26.399090,multi_deploy_agent_production,running,5.0,0,100.0,production
2026-02-21T15:17:31.401515,multi_deploy_agent_production,running,5.0,0,100.0,production
2026-02-21T15:17:36.403377,multi_deploy_agent_production,running,5.0,0,100.0,production
2026-02-21T15:17:41.406230,multi_deploy_agent_production,running,5.0,0,100.0,production
2026-02-21T15:17:46.408946,multi_deploy_agent_production,running,5.0,0,100.0,production
2026-02-21T15:17:51.411288,multi_deploy_agent_production,running,5.0,0,100.0,production
2026-02-21T15:17:56.414005,multi_deploy_agent_production,running,5.0,0,100.0,production
2026-02-21T15:18:01.416562,multi_deploy_agent_production,running,5.0,0,100.0,production
2026-02-21T15:18:06.419084,multi_deploy_agent_production,running,5.0,0,100.0,production
2026-02-21T15:18:11.421812,multi_deploy_agent_production,running,5.0,0,100.0,production
2026-02-21T15:18:16.424347,multi_deploy_agent_production,running,5.0,0,100.0,production
2026-02-21T15:18:21.427140,multi_deploy_agent_production,running,5.0,0,100.0,production
2026-02-21T15:18:26.429539,multi_deploy_agent_production,running,5.0,0,100.0,production
2026-02-21T15:18:31.432210,multi_deploy_agent_production,running,5.0,0,100.0,production
2026-02-21T15:18:36.436594,multi_deploy_agent_production,running,5.0,0,100.0,production
2026-02-21T15:18:41.440919,multi_deploy_agent_production,running,5.01,0,100.0,production
2026-02-21T15:18:46.443128,multi_deploy_agent_production,running,5.0,0,100.0,production
2026-02-21T15:18:51.446239,multi_deploy_agent_production,running,5.0,0,100.0,production
2026-02-21T15:18:56.449348,multi_deploy_agent_production,running,5.0,0,100.0,production
2026-02-21T15:19:01.452505,multi_deploy_agent_production,running,5.0,0,100.0,production
2026-02-21T15:19:06.455229,multi_deploy_agent_production,running,5.0,0,100.0,production
2026-02-21T15:19:11.457604,multi_deploy_agent_production,running,5.0,0,100.0,production
2026-02-21T15:19:16.460639,multi_deploy_agent_production,running,5.0,0,100.0,production
2026-02-21T15:19:21.462593,multi_deploy_agent_production,running,5.0,0,100.0,production
2026-02-21T15:19:26.464531,multi_deploy_agent_production,running,5.0,0,100.0,production
2026-02-21T15:19:31.466940,multi_deploy_agent_production,running,5.0,0,100.0,production
2026-02-21T15:19:36.468921,multi_deploy_agent_production,running,5.0,0,100.0,production
2026-02-21T15:19:41.470797,multi_deploy_agent_production,running,5.0,0,100.0,production
2026-02-21T15:19:46.474076,multi_deploy_agent_production,running,5.0,0,100.0,production
2026-02-21T15:19:51.476371,multi_deploy_agent_production,running,5.0,0,100.0,production
2026-02-21T15:19:56.479227,multi_deploy_agent_production,running,5.0,0,100.0,production
2026-02-21T15:20:01.482466,multi_deploy_agent_production,running,5.0,0,100.0,production
2026-02-21T15:20:06.485291,multi_deploy_agent_production,running,5.0,0,100.0,production
2026-02-21T15:20:11.487717,multi_deploy_agent_production,running,5.0,0,100.0,production
2026-02-21T15:20:16.491946,multi_deploy_agent_production,running,5.0,0,100.0,production
2026-02-21T15:20:21.495543,multi_deploy_agent_production,running,5.0,0,100.0,production
2026-02-21T15:20:26.497505,multi_deploy_agent_production,running,5.0,0,100.0,production
2026-02-21T15:20:31.499270,multi_deploy_agent_production,running,5.0,0,100.0,production
2026-02-21T15:20:36.501783,multi_deploy_agent_production,running,5.0,0,100.0,production
2026-02-21T15:20:41.504463,multi_deploy_agent_production,running,5.0,0,100.0,production
2026-02-21T15:20:46.506650,multi_deploy_agent_production,running,5.0,0,100.0,production
2026-02-21T15:20:51.509059,multi_deploy_agent_production,running,5.0,0,100.0,production
2026-02-21T15:20:56.512260,multi_deploy_agent_production,running,5.0,0,100.0,production
2026-02-21T15:21:01.514459,multi_deploy_agent_production,running,5.0,0,100.0,production
2026-02-21T15:21:06.515893,multi_deploy_agent_production,running,5.0,0,100.0,production
2026-02-21T15:21:11.518207,multi_deploy_agent_production,running,5.0,0,100.0,production
2026-02-21T15:21:16.520559,multi_deploy_agent_production,running,5.0,0,100.0,production
2026-02-21T15:21:21.522880,multi_deploy_agent_production,running,5.0,0,100.0,production
2026-02-21T15:21:26.525278,multi_deploy_agent_production,running,5.0,0,100.0,production
2026-02-21T15:21:31.526708,multi_deploy_agent_production,running,5.0,0,100.0,production
2026-02-21T15:21:36.529042,multi_deploy_agent_production,running,5.0,0,100.0,production
2026-02-21T15:21:41.530259,multi_deploy_agent_production,running,5.0,0,100.0,production
2026-02-21T15:21:46.533711,multi_deploy_agent_production,running,5.0,0,100.0,production
2026-02-21T15:21:51.535487,multi_deploy_agent_production,running,5.0,0,100.0,production
2026-02-21T15:21:56.537139,multi_deploy_agent_production,running,5.0,0,100.0,production
2026-02-21T15:22:01.538747,multi_deploy_agent_production,running,5.0,0,100.0,production
2026-02-21T15:22:06.540418,multi_deploy_agent_production,running,5.0,0,100.0,production
2026-02-21T15:22:11.542302,multi_deploy_agent_production,running,5.0,0,100.0,production
2026-02-21T15:22:16.544921,multi_deploy_agent_production,running,5.0,0,100.0,production
2026-02-21T15:22:21.546128,multi_deploy_agent_production,running,5.0,0,100.0,production
2026-02-21T15:22:26.547550,multi_deploy_agent_production,running,5.0,0,100.0,production
2026-02-21T15:22:31.549723,multi_deploy_agent_production,running,5.0,0,100.0,production
2026-02-21T15:22:36.552283,multi_deploy_agent_production,running,5.0,0,100.0,production
2026-02-21T15:22:41.553778,multi_deploy_agent_production,running,5.0,0,100.0,production
2026-02-21T15:22:46.556738,multi_deploy_agent_production,running,5.0,0,100.0,production
2026-02-21T15:22:51.558408,multi_deploy_agent_production,running,5.0,0,100.0,production
2026-02-21T15:22:56.560146,multi_deploy_agent_production,running,5.0,0,100.0,production
2026-02-21T15:23:01.562938,multi_deploy_agent_production,running,5.0,0,100.0,production
2026-02-21T15:23:06.565391,multi_deploy_agent_production,running,5.0,0,100.0,production
2026-02-21T15:23:11.568145,multi_deploy_agent_production,running,5.0,0,100.0,production
2026-02-21T15:23:16.569572,multi_deploy_agent_production,running,5.0,0,100.0,production
2026-02-21T15:23:21.571677,multi_deploy_agent_production,running,5.0,0,100.0,production
2026-02-21T15:23:26.574130,multi_deploy_agent_production,running,5.0,0,100.0,production
2026-02-21T15:23:31.576286,multi_deploy_agent_production,running,5.0,0,100.0,production
2026-02-21T15:23:36.579202,multi_deploy_agent_production,running,5.0,0,100.0,production
2026-02-21T15:23:41.580870,multi_deploy_agent_production,running,5.0,0,100.0,production
2026-02-21T15:23:46.583603,multi_deploy_agent_production,running,5.0,0,100.0,production
2026-02-21T15:23:51.586031,multi_deploy_agent_production,running,5.0,0,100.0,production
2026-02-21T15:23:56.587691,multi_deploy_agent_production,running,5.0,0,100.0,production
2026-02-21T15:24:01.590104,multi_deploy_agent_production,running,5.0,0,100.0,production
2026-02-21T15:24:06.591952,multi_deploy_agent_production,running,5.0,0,100.0,production
2026-02-21T15:24:11.594137,multi_deploy_agent_production,running,5.0,0,100.0,production
2026-02-21T15:24:16.596002,multi_deploy_agent_production,running,5.0,0,100.0,production
2026-02-21T15:24:21.597192,multi_deploy_agent_production,running,5.0,0,100.0,production
2026-02-21T15:24:26.599140,multi_deploy_agent_production,running,5.0,0,100.0,production
2026-02-21T15:24:31.601313,multi_deploy_agent_production,running,5.0,0,100.0,production
2026-02-21T15:24:36.602915,multi_deploy_agent_production,running,5.0,0,100.0,production
2026-02-21T15:24:41.604906,multi_deploy_agent_production,running,5.0,0,100.0,production
2026-02-21T15:24:46.607178,multi_deploy_agent_production,running,5.0,0,100.0,production
2026-02-21T15:24:51.609764,multi_deploy_agent_production,running,5.0,0,100.0,production
2026-02-21T15:24:56.612684,multi_deploy_agent_production,running,5.0,0,100.0,production
2026-02-21T15:25:01.614886,multi_deploy_agent_production,running,5.0,0,100.0,production
2026-02-21T15:25:06.617445,multi_deploy_agent_production,running,5.0,0,100.0,production
2026-02-21T15:25:11.620229,multi_deploy_agent_production,running,5.0,0,100.0,production
2026-02-21T15:25:16.622312,multi_deploy_agent_production,running,5.0,0,100.0,production
2026-02-21T15:25:21.623962,multi_deploy_agent_production,running,5.0,0,100.0,production
2026-02-21T15:25:26.625237,multi_deploy_agent_production,running,5.0,0,100.0,production
2026-02-21T15:25:31.626811,multi_deploy_agent_production,running,5.0,0,100.0,production
2026-02-21T15:25:36.628447,multi_deploy_agent_production,running,5.0,0,100.0,production
2026-02-21T15:25:41.629736,multi_deploy_agent_production,running,5.0,0,100.0,production
2026-02-21T15:25:46.631427,multi_deploy_agent_production,running,5.0,0,100.0,production
2026-02-21T15:25:51.633143,multi_deploy_agent_production,running,5.0,0,100.0,production
2026-02-21T15:25:56.634522,multi_deploy_agent_production,running,5.0,0,100.0,production
2026-02-21T15:26:01.635630,multi_deploy_agent_production,running,5.0,0,100.0,production
2026-02-21T15:26:06.637035,multi_deploy_agent_production,running,5.0,0,100.0,production
2026-02-21T15:26:11.638740,multi_deploy_agent_production,running,5.0,0,100.0,production
2026-02-21T15:26:16.640240,multi_deploy_agent_production,running,5.0,0,100.0,production
2026-02-21T15:26:21.641850,multi_deploy_agent_production,running,5.0,0,100.0,production
2026-02-21T15:26:26.643348,multi_deploy_agent_production,running,5.0,0,100.0,production
2026-02-21T15:26:31.644889,multi_deploy_agent_production,running,5.0,0,100.0,production
2026-02-21T15:26:36.647408,multi_deploy_agent_production,running,5.0,0,100.0,production
2026-02-21T15:26:41.649117,multi_deploy_agent_production,running,5.0,0,100.0,production
2026-02-21T15:26:46.650478,multi_deploy_agent_production,running,5.0,0,100.0,production
2026-02-21T15:26:51.652020,multi_deploy_agent_production,running,5.0,0,100.0,production
2026-02-21T15:26:56.654371,multi_deploy_agent_production,running,5.0,0,100.0,production
2026-02-21T15:27:01.655891,multi_deploy_agent_production,running,5.0,0,100.0,production
2026-02-21T15:27:06.656808,multi_deploy_agent_production,running,5.0,0,100.0,production
2026-02-21T15:27:11.658630,multi_deploy_agent_production,running,5.0,0,100.0,production
2026-02-21T15:27:16.661265,multi_deploy_agent_production,running,5.0,0,100.0,production
2026-02-21T15:27:21.663735,multi_deploy_agent_production,running,5.0,0,100.0,production
2026-02-21T15:27:26.665810,multi_deploy_agent_production,running,5.0,0,100.0,production
2026-02-21T15:27:31.667532,multi_deploy_agent_production,running,5.0,0,100.0,production
2026-02-21T15:27:36.669390,multi_deploy_agent_production,running,5.0,0,100.0,production
2026-02-21T15:27:41.671341,multi_deploy_agent_production,running,5.0,0,100.0,production
2026-02-21T15:27:46.672873,multi_deploy_agent_production,running,5.0,0,100.0,production
2026-02-21T15:27:51.674542,multi_deploy_agent_production,running,5.0,0,100.0,production
2026-02-21T15:27:56.676815,multi_deploy_agent_production,running,5.0,0,100.0,production
2026-02-21T15:28:01.678499,multi_deploy_agent_production,running,5.0,0,100.0,production
2026-02-21T15:28:06.679579,multi_deploy_agent_production,running,5.0,0,100.0,production
2026-02-21T15:28:11.681957,multi_deploy_agent_production,running,5.0,0,100.0,production
2026-02-21T15:28:16.684777,multi_deploy_agent_production,running,5.0,0,100.0,production
2026-02-21T15:28:21.686801,multi_deploy_agent_production,running,5.0,0,100.0,production
2026-02-21T15:28:26.688458,multi_deploy_agent_production,running,5.0,0,100.0,production
2026-02-21T15:28:31.689704,multi_deploy_agent_production,running,5.0,0,100.0,production
2026-02-21T15:28:36.691877,multi_deploy_agent_production,running,5.0,0,100.0,production
2026-02-21T15:28:41.693806,multi_deploy_agent_production,running,5.0,0,100.0,production
2026-02-21T15:28:46.696149,multi_deploy_agent_production,running,5.0,0,100.0,production
2026-02-21T15:28:51.698658,multi_deploy_agent_production,running,5.0,0,100.0,production
2026-02-21T15:28:56.701293,multi_deploy_agent_production,running,5.0,0,100.0,production
2026-02-21T15:29:01.703319,multi_deploy_agent_production,running,5.0,0,100.0,production
2026-02-21T15:29:06.705353,multi_deploy_agent_production,running,5.0,0,100.0,production
2026-02-21T15:29:11.706461,multi_deploy_agent_production,running,5.0,0,100.0,production
2026-02-21T15:29:16.707767,multi_deploy_agent_production,running,5.0,0,100.0,production
2026-02-21T15:29:21.710222,multi_deploy_agent_production,running,5.0,0,100.0,production
2026-02-21T15:29:26.712888,multi_deploy_agent_production,running,5.0,0,100.0,production
2026-02-21T15:29:31.714044,multi_deploy_agent_production,running,5.0,0,100.0,production
2026-02-21T15:29:36.715779,multi_deploy_agent_production,running,5.0,0,100.0,production
2026-02-21T15:29:41.717491,multi_deploy_agent_production,running,5.0,0,100.0,production
2026-02-21T15:29:46.720171,multi_deploy_agent_production,running,5.0,0,100.0,production
2026-02-21T15:29:51.721607,multi_deploy_agent_production,running,5.0,0,100.0,production
2026-02-21T15:29:56.722944,multi_deploy_agent_production,running,5.0,0,100.0,production
2026-02-21T15:30:01.724142,multi_deploy_agent_production,running,5.0,0,100.0,production
2026-02-21T15:30:06.725870,multi_deploy_agent_production,running,5.0,0,100.0,production
2026-02-21T15:30:11.727545,multi_deploy_agent_production,running,5.0,0,100.0,production
2026-02-21T15:30:16.729513,multi_deploy_agent_production,running,5.0,0,100.0,production
2026-02-21T15:30:21.731427,multi_deploy_agent_production,running,5.0,0,100.0,production
2026-02-21T15:30:26.733644,multi_deploy_agent_production,running,5.0,0,100.0,production
2026-02-21T15:30:31.735672,multi_deploy_agent_production,running,5.0,0,100.0,production
2026-02-21T15:30:36.737025,multi_deploy_agent_production,running,5.0,0,100.0,production
2026-02-21T15:30:41.738953,multi_deploy_agent_production,running,5.0,0,100.0,production
2026-02-21T15:30:46.742267,multi_deploy_agent_production,running,5.0,0,100.0,production
2026-02-21T15:30:51.745058,multi_deploy_agent_production,running,5.0,0,100.0,production
2026-02-21T15:30:56.746703,multi_deploy_agent_production,running,5.0,0,100.0,production
2026-02-21T15:31:01.747826,multi_deploy_agent_production,running,5.0,0,100.0,production
2026-02-21T15:31:06.749461,multi_deploy_agent_production,running,5.0,0,100.0,production
2026-02-21T15:31:11.751840,multi_deploy_agent_production,running,5.0,0,100.0,production
2026-02-21T15:31:16.753795,multi_deploy_agent_production,running,5.0,0,100.0,production
2026-02-21T15:31:21.757436,multi_deploy_agent_production,running,5.0,0,100.0,production
2026-02-21T15:31:26.759166,multi_deploy_agent_production,running,5.0,0,100.0,production
2026-02-21T15:31:31.761457,multi_deploy_agent_production,running,5.0,0,100.0,production
2026-02-21T15:31:36.763366,multi_deploy_agent_production,running,5.0,0,100.0,production
2026-02-21T15:31:41.765792,multi_deploy_agent_production,running,5.0,0,100.0,production
2026-02-21T15:31:46.768666,multi_deploy_agent_production,running,5.0,0,100.0,production
2026-02-21T15:31:51.771123,multi_deploy_agent_production,running,5.0,0,100.0,production
2026-02-21T15:31:56.773520,multi_deploy_agent_production,running,5.0,0,100.0,production
2026-02-21T15:32:01.776389,multi_deploy_agent_production,running,5.0,0,100.0,production
2026-02-21T15:32:06.779980,multi_deploy_agent_production,running,5.0,0,100.0,production
2026-02-21T15:32:11.782111,multi_deploy_agent_production,running,5.0,0,100.0,production
2026-02-21T15:32:16.785339,multi_deploy_agent_production,running,5.0,0,100.0,production
2026-02-21T15:32:21.787508,multi_deploy_agent_production,running,5.0,0,100.0,production
2026-02-21T15:32:26.789616,multi_deploy_agent_production,running,5.0,0,100.0,production
2026-02-21T15:32:31.792512,multi_deploy_agent_production,running,5.0,0,100.0,production
2026-02-21T15:32:36.794904,multi_deploy_agent_production,running,5.0,0,100.0,production
2026-02-21T15:32:41.797497,multi_deploy_agent_production,running,5.0,0,100.0,production
2026-02-21T15:32:46.800421,multi_deploy_agent_production,running,5.0,0,100.0,production
2026-02-21T15:32:51.802031,multi_deploy_agent_production,running,5.0,0,100.0,production
2026-02-21T15:32:56.804211,multi_deploy_agent_production,running,5.0,0,100.0,production
2026-02-21T15:33:01.807246,multi_deploy_agent_production,running,5.0,0,100.0,production
2026-02-21T15:33:06.810188,multi_deploy_agent_production,running,5.0,0,100.0,production
2026-02-21T15:33:11.812219,multi_deploy_agent_production,running,5.0,0,100.0,production
2026-02-21T15:33:16.814165,multi_deploy_agent_production,running,5.0,0,100.0,production
2026-02-21T15:33:21.816073,multi_deploy_agent_production,running,5.0,0,100.0,production
2026-02-21T15:33:26.817824,multi_deploy_agent_production,running,5.0,0,100.0,production
2026-02-21T15:33:31.819667,multi_deploy_agent_production,running,5.0,0,100.0,production
2026-02-21T15:33:36.821688,multi_deploy_agent_production,running,5.0,0,100.0,production
2026-02-21T15:33:41.823068,multi_deploy_agent_production,running,5.0,0,100.0,production
2026-02-21T15:33:46.824358,multi_deploy_agent_production,running,5.0,0,100.0,production
2026-02-21T15:33:51.826270,multi_deploy_agent_production,running,5.0,0,100.0,production
2026-02-21T15:33:56.828563,multi_deploy_agent_production,running,5.0,0,100.0,production
2026-02-21T15:34:01.830332,multi_deploy_agent_production,running,5.0,0,100.0,production
2026-02-21T15:34:06.831758,multi_deploy_agent_production,running,5.0,0,100.0,production
2026-02-21T15:34:11.833490,multi_deploy_agent_production,running,5.0,0,100.0,production
2026-02-21T15:34:16.835437,multi_deploy_agent_production,running,5.0,0,100.0,production
2026-02-21T15:34:21.838034,multi_deploy_agent_production,running,5.0,0,100.0,production
2026-02-21T15:34:26.840006,multi_deploy_agent_production,running,5.0,0,100.0,production
2026-02-21T15:34:31.842705,multi_deploy_agent_production,running,5.0,0,100.0,production
2026-02-21T15:34:36.844643,multi_deploy_agent_production,running,5.0,0,100.0,production
2026-02-21T15:34:41.845929,multi_deploy_agent_production,running,5.0,0,100.0,production
2026-02-21T15:34:46.848334,multi_deploy_agent_production,running,5.0,0,100.0,production
2026-02-21T15:34:51.850301,multi_deploy_agent_production,running,5.0,0,100.0,production
2026-02-21T15:34:56.852423,multi_deploy_agent_production,running,5.0,0,100.0,production
2026-02-21T15:35:01.854796,multi_deploy_agent_production,running,5.0,0,100.0,production
2026-02-21T15:35:06.856625,multi_deploy_agent_production,running,5.0,0,100.0,production
2026-02-21T15:35:11.858950,multi_deploy_agent_production,running,5.0,0,100.0,production
2026-02-21T15:35:16.861742,multi_deploy_agent_production,running,5.0,0,100.0,production
2026-02-21T15:35:21.863055,multi_deploy_agent_production,running,5.0,0,100.0,production
2026-02-21T15:35:26.865076,multi_deploy_agent_production,running,5.0,0,100.0,production
2026-02-21T15:35:31.867108,multi_deploy_agent_production,running,5.0,0,100.0,production
2026-02-21T15:35:36.870071,multi_deploy_agent_production,running,5.0,0,100.0,production
2026-02-21T15:35:41.872473,multi_deploy_agent_production,running,5.0,0,100.0,production
2026-02-21T15:35:46.874775,multi_deploy_agent_production,running,5.0,0,100.0,production
2026-02-21T15:35:51.876736,multi_deploy_agent_production,running,5.0,0,100.0,production
2026-02-21T15:35:56.878673,multi_deploy_agent_production,running,5.0,0,100.0,production
2026-02-21T15:36:01.880104,multi_deploy_agent_production,running,5.0,0,100.0,production
2026-02-21T15:36:06.882373,multi_deploy_agent_production,running,5.0,0,100.0,production
2026-02-21T15:36:11.885214,multi_deploy_agent_production,running,5.0,0,100.0,production
2026-02-21T15:36:16.887517,multi_deploy_agent_production,running,5.0,0,100.0,production
2026-02-21T15:36:21.890193,multi_deploy_agent_production,running,5.0,0,100.0,production
2026-02-21T15:36:26.893343,multi_deploy_agent_production,running,5.0,0,100.0,production
2026-02-21T15:36:31.895723,multi_deploy_agent_production,running,5.0,0,100.0,production
2026-02-21T15:36:36.898380,multi_deploy_agent_production,running,5.0,0,100.0,production
2026-02-21T15:36:41.901144,multi_deploy_agent_production,running,5.0,0,100.0,production
2026-02-21T15:36:46.903351,multi_deploy_agent_production,running,5.0,0,100.0,production
2026-02-21T15:36:51.905893,multi_deploy_agent_production,running,5.0,0,100.0,production
2026-02-21T15:36:56.908630,multi_deploy_agent_production,running,5.0,0,100.0,production
2026-02-21T15:37:01.911499,multi_deploy_agent_production,running,5.0,0,100.0,production
2026-02-21T15:37:06.914093,multi_deploy_agent_production,running,5.0,0,100.0,production
2026-02-21T15:37:11.916700,multi_deploy_agent_production,running,5.0,0,100.0,production
2026-02-21T15:37:16.919115,multi_deploy_agent_production,running,5.0,0,100.0,production
2026-02-21T15:37:21.921597,multi_deploy_agent_production,running,5.0,0,100.0,production
2026-02-21T15:37:26.924242,multi_deploy_agent_production,running,5.0,0,100.0,production
2026-02-21T15:37:31.925735,multi_deploy_agent_production,running,5.0,0,100.0,production
2026-02-21T15:37:36.927977,multi_deploy_agent_production,running,5.0,0,100.0,production
2026-02-21T15:37:41.929625,multi_deploy_agent_production,running,5.0,0,100.0,production
2026-02-21T15:37:46.932046,multi_deploy_agent_production,running,5.0,0,100.0,production
2026-02-21T15:37:51.934624,multi_deploy_agent_production,running,5.0,0,100.0,production
2026-02-21T15:37:56.937431,multi_deploy_agent_production,running,5.0,0,100.0,production
2026-02-21T15:38:01.940540,multi_deploy_agent_production,running,5.0,0,100.0,production
2026-02-21T15:38:06.943362,multi_deploy_agent_production,running,5.0,0,100.0,production
2026-02-21T15:38:11.945352,multi_deploy_agent_production,running,5.0,0,100.0,production
2026-02-21T15:38:16.948020,multi_deploy_agent_production,running,5.0,0,100.0,production
2026-02-21T15:38:21.949269,multi_deploy_agent_production,running,5.0,0,100.0,production
2026-02-21T15:38:26.951245,multi_deploy_agent_production,running,5.0,0,100.0,production
2026-02-21T15:38:31.954104,multi_deploy_agent_production,running,5.0,0,100.0,production
2026-02-21T15:38:36.957195,multi_deploy_agent_production,running,5.0,0,100.0,production
2026-02-21T15:38:41.959603,multi_deploy_agent_production,running,5.0,0,100.0,production
2026-02-21T15:38:46.961745,multi_deploy_agent_production,running,5.0,0,100.0,production
2026-02-21T15:38:51.963319,multi_deploy_agent_production,running,5.0,0,100.0,production
2026-02-21T15:38:56.965097,multi_deploy_agent_production,running,5.0,0,100.0,production
2026-02-21T15:39:01.966293,multi_deploy_agent_production,running,5.0,0,100.0,production
2026-02-21T15:39:06.968126,multi_deploy_agent_production,running,5.0,0,100.0,production
2026-02-21T15:39:11.971749,multi_deploy_agent_production,running,5.0,0,100.0,production
2026-02-21T15:39:16.974076,multi_deploy_agent_production,running,5.0,0,100.0,production
2026-02-21T15:39:21.975917,multi_deploy_agent_production,running,5.0,0,100.0,production
2026-02-21T15:39:26.978273,multi_deploy_agent_production,running,5.0,0,100.0,production
2026-02-21T15:39:31.980838,multi_deploy_agent_production,running,5.0,0,100.0,production
2026-02-21T15:39:36.983603,multi_deploy_agent_production,running,5.0,0,100.0,production
2026-02-21T15:39:41.986190,multi_deploy_agent_production,running,5.0,0,100.0,production
2026-02-21T15:39:46.988019,multi_deploy_agent_production,running,5.0,0,100.0,production
2026-02-21T15:39:51.990220,multi_deploy_agent_production,running,5.0,0,100.0,production
2026-02-21T15:39:56.992903,multi_deploy_agent_production,running,5.0,0,100.0,production
2026-02-21T15:40:01.994865,multi_deploy_agent_production,running,5.0,0,100.0,production
2026-02-21T15:40:06.997604,multi_deploy_agent_production,running,5.0,0,100.0,production
2026-02-21T15:40:11.999951,multi_deploy_agent_production,running,5.0,0,100.0,production
2026-02-21T15:40:17.002679,multi_deploy_agent_production,running,5.0,0,100.0,production
2026-02-21T15:40:22.005597,multi_deploy_agent_production,running,5.0,0,100.0,production
2026-02-21T15:40:27.008485,multi_deploy_agent_production,running,5.0,0,100.0,production
2026-02-21T15:40:32.011069,multi_deploy_agent_production,running,5.0,0,100.0,production
2026-02-21T15:40:37.012708,multi_deploy_agent_production,running,5.0,0,100.0,production
2026-02-21T15:40:42.014895,multi_deploy_agent_production,running,5.0,0,100.0,production
2026-02-21T15:40:47.017432,multi_deploy_agent_production,running,5.0,0,100.0,production
2026-02-21T15:40:52.019957,multi_deploy_agent_production,running,5.0,0,100.0,production
2026-02-21T15:40:57.023319,multi_deploy_agent_production,running,5.0,0,100.0,production
2026-02-21T15:41:02.025216,multi_deploy_agent_production,running,5.0,0,100.0,production
2026-02-21T15:41:07.027860,multi_deploy_agent_production,running,5.0,0,100.0,production
2026-02-21T15:41:12.030326,multi_deploy_agent_production,running,5.0,0,100.0,production
2026-02-21T15:41:17.033329,multi_deploy_agent_production,running,5.0,0,100.0,production
2026-02-21T15:41:22.034877,multi_deploy_agent_production,running,5.0,0,100.0,production
2026-02-21T15:41:27.036541,multi_deploy_agent_production,running,5.0,0,100.0,production
2026-02-21T15:41:32.038801,multi_deploy_agent_production,running,5.0,0,100.0,production
2026-02-21T15:41:37.039847,multi_deploy_agent_production,running,5.0,0,100.0,production
2026-02-21T15:41:42.042024,multi_deploy_agent_production,running,5.0,0,100.0,production
2026-02-21T15:41:47.043858,multi_deploy_agent_production,running,5.0,0,100.0,production
2026-02-21T15:41:52.045990,multi_deploy_agent_production,running,5.0,0,100.0,production
2026-02-21T15:41:57.048028,multi_deploy_agent_production,running,5.0,0,100.0,production
2026-02-21T15:42:02.050219,multi_deploy_agent_production,running,5.0,0,100.0,production
2026-02-21T15:42:07.053188,multi_deploy_agent_production,running,5.0,0,100.0,production
2026-02-21T15:42:12.054315,multi_deploy_agent_production,running,5.0,0,100.0,production
2026-02-21T15:42:17.056668,multi_deploy_agent_production,running,5.0,0,100.0,production
2026-02-21T15:42:22.059507,multi_deploy_agent_production,running,5.0,0,100.0,production
2026-02-21T15:42:27.060973,multi_deploy_agent_production,running,5.0,0,100.0,production
2026-02-21T15:42:32.063235,multi_deploy_agent_production,running,5.0,0,100.0,production
2026-02-21T15:42:37.065406,multi_deploy_agent_production,running,5.0,0,100.0,production
2026-02-21T15:42:42.067551,multi_deploy_agent_production,running,5.0,0,100.0,production
2026-02-21T15:42:47.069763,multi_deploy_agent_production,running,5.0,0,100.0,production
2026-02-21T15:42:52.072642,multi_deploy_agent_production,running,5.0,0,100.0,production
2026-02-21T15:42:57.075242,multi_deploy_agent_production,running,5.0,0,100.0,production
2026-02-21T15:43:02.077172,multi_deploy_agent_production,running,5.0,0,100.0,production
2026-02-21T15:43:07.080012,multi_deploy_agent_production,running,5.0,0,100.0,production
2026-02-21T15:43:12.082176,multi_deploy_agent_production,running,5.0,0,100.0,production
2026-02-21T15:43:17.084566,multi_deploy_agent_production,running,5.0,0,100.0,production
2026-02-21T15:43:22.087310,multi_deploy_agent_production,running,5.0,0,100.0,production
2026-02-21T15:43:27.089080,multi_deploy_agent_production,running,5.0,0,100.0,production
2026-02-21T15:43:32.091695,multi_deploy_agent_production,running,5.0,0,100.0,production
2026-02-21T15:43:37.094618,multi_deploy_agent_production,running,5.0,0,100.0,production
2026-02-21T15:43:42.096962,multi_deploy_agent_production,running,5.0,0,100.0,production
2026-02-21T15:43:47.099739,multi_deploy_agent_production,running,5.0,0,100.0,production
2026-02-21T15:43:52.102375,multi_deploy_agent_production,running,5.0,0,100.0,production
2026-02-21T15:43:57.104332,multi_deploy_agent_production,running,5.0,0,100.0,production
2026-02-21T15:44:02.106661,multi_deploy_agent_production,running,5.0,0,100.0,production
2026-02-21T15:44:07.108684,multi_deploy_agent_production,running,5.0,0,100.0,production
2026-02-21T15:44:12.112024,multi_deploy_agent_production,running,5.0,0,100.0,production
2026-02-21T15:44:17.113964,multi_deploy_agent_production,running,5.0,0,100.0,production
2026-02-21T15:44:22.116991,multi_deploy_agent_production,running,5.0,0,100.0,production
2026-02-21T15:44:27.119618,multi_deploy_agent_production,running,5.0,0,100.0,production
2026-02-21T15:44:32.122685,multi_deploy_agent_production,running,5.0,0,100.0,production
2026-02-21T15:44:37.125586,multi_deploy_agent_production,running,5.0,0,100.0,production
2026-02-21T15:44:42.129258,multi_deploy_agent_production,running,5.0,0,100.0,production
2026-02-21T15:44:47.132431,multi_deploy_agent_production,running,5.0,0,100.0,production
2026-02-21T15:44:52.135710,multi_deploy_agent_production,running,5.0,0,100.0,production
2026-02-21T15:44:57.138233,multi_deploy_agent_production,running,5.0,0,100.0,production
2026-02-21T15:45:02.140426,multi_deploy_agent_production,running,5.0,0,100.0,production
2026-02-21T15:45:07.142628,multi_deploy_agent_production,running,5.0,0,100.0,production
2026-02-21T15:45:12.144669,multi_deploy_agent_production,running,5.0,0,100.0,production
2026-02-21T15:45:17.146182,multi_deploy_agent_production,running,5.0,0,100.0,production
2026-02-21T15:45:22.149058,multi_deploy_agent_production,running,5.0,0,100.0,production
2026-02-21T15:45:27.151662,multi_deploy_agent_production,running,5.0,0,100.0,production
2026-02-21T15:45:32.154406,multi_deploy_agent_production,running,5.0,0,100.0,production
2026-02-21T15:45:37.156036,multi_deploy_agent_production,running,5.0,0,100.0,production
2026-02-21T15:45:42.158303,multi_deploy_agent_production,running,5.0,0,100.0,production
2026-02-21T15:45:47.160749,multi_deploy_agent_production,running,5.0,0,100.0,production
2026-02-21T15:45:52.163080,multi_deploy_agent_production,running,5.0,0,100.0,production
2026-02-21T15:45:57.165310,multi_deploy_agent_production,running,5.0,0,100.0,production
2026-02-21T15:46:02.167963,multi_deploy_agent_production,running,5.0,0,100.0,production
2026-02-21T15:46:07.170775,multi_deploy_agent_production,running,5.0,0,100.0,production
2026-02-21T15:46:12.173348,multi_deploy_agent_production,running,5.0,0,100.0,production
2026-02-21T15:46:17.175413,multi_deploy_agent_production,running,5.0,0,100.0,production
2026-02-21T15:46:22.176795,multi_deploy_agent_production,running,5.0,0,100.0,production
2026-02-21T15:46:27.179541,multi_deploy_agent_production,running,5.0,0,100.0,production
2026-02-21T15:46:32.182767,multi_deploy_agent_production,running,5.0,0,100.0,production
2026-02-21T15:46:37.185280,multi_deploy_agent_production,running,5.0,0,100.0,production
2026-02-21T15:46:42.187751,multi_deploy_agent_production,running,5.0,0,100.0,production
2026-02-21T15:46:47.189840,multi_deploy_agent_production,running,5.0,0,100.0,production
2026-02-21T15:46:52.192401,multi_deploy_agent_production,running,5.0,0,100.0,production
2026-02-21T15:46:57.194914,multi_deploy_agent_production,running,5.0,0,100.0,production
2026-02-21T15:47:02.197093,multi_deploy_agent_production,running,5.0,0,100.0,production
2026-02-21T15:47:07.199947,multi_deploy_agent_production,running,5.0,0,100.0,production
2026-02-21T15:47:12.203265,multi_deploy_agent_production,running,5.0,0,100.0,production
2026-02-21T15:47:17.205964,multi_deploy_agent_production,running,5.0,0,100.0,production
2026-02-21T15:47:22.207484,multi_deploy_agent_production,running,5.0,0,100.0,production
2026-02-21T15:47:27.209728,multi_deploy_agent_production,running,5.0,0,100.0,production
2026-02-21T15:47:32.211999,multi_deploy_agent_production,running,5.0,0,100.0,production
2026-02-21T15:47:37.214275,multi_deploy_agent_production,running,5.0,0,100.0,production
2026-02-21T15:47:42.216294,multi_deploy_agent_production,running,5.0,0,100.0,production
2026-02-21T15:47:47.218146,multi_deploy_agent_production,running,5.0,0,100.0,production
2026-02-21T15:47:52.220203,multi_deploy_agent_production,running,5.0,0,100.0,production
2026-02-21T15:47:57.222642,multi_deploy_agent_production,running,5.0,0,100.0,production
2026-02-21T15:48:02.225004,multi_deploy_agent_production,running,5.0,0,100.0,production
2026-02-21T15:48:07.227003,multi_deploy_agent_production,running,5.0,0,100.0,production
2026-02-21T15:48:12.229455,multi_deploy_agent_production,running,5.0,0,100.0,production
2026-02-21T15:48:17.231892,multi_deploy_agent_production,running,5.0,0,100.0,production
2026-02-21T15:48:22.234500,multi_deploy_agent_production,running,5.0,0,100.0,production
2026-02-21T15:48:27.237628,multi_deploy_agent_production,running,5.0,0,100.0,production
2026-02-21T15:48:32.240019,multi_deploy_agent_production,running,5.0,0,100.0,production
2026-02-21T15:48:37.241911,multi_deploy_agent_production,running,5.0,0,100.0,production
2026-02-21T15:48:42.244425,multi_deploy_agent_production,running,5.0,0,100.0,production
2026-02-21T15:48:47.247141,multi_deploy_agent_production,running,5.0,0,100.0,production
2026-02-21T15:48:52.250379,multi_deploy_agent_production,running,5.0,0,100.0,production
2026-02-21T15:48:57.253459,multi_deploy_agent_production,running,5.0,0,100.0,production
2026-02-21T15:49:02.255286,multi_deploy_agent_production,running,5.0,0,100.0,production
2026-02-21T15:49:07.257288,multi_deploy_agent_production,running,5.0,0,100.0,production
2026-02-21T15:49:12.258568,multi_deploy_agent_production,running,5.0,0,100.0,production
2026-02-21T15:49:17.260905,multi_deploy_agent_production,running,5.0,0,100.0,production
2026-02-21T15:49:22.263446,multi_deploy_agent_production,running,5.0,0,100.0,production
2026-02-21T15:49:27.266217,multi_deploy_agent_production,running,5.0,0,100.0,production
2026-02-21T15:49:32.269487,multi_deploy_agent_production,running,5.0,0,100.0,production
2026-02-21T15:49:37.272155,multi_deploy_agent_production,running,5.0,0,100.0,production
2026-02-21T15:49:42.274851,multi_deploy_agent_production,running,5.0,0,100.0,production
2026-02-21T15:49:47.277201,multi_deploy_agent_production,running,5.0,0,100.0,production
2026-02-21T15:49:52.279672,multi_deploy_agent_production,running,5.0,0,100.0,production
2026-02-21T15:49:57.282199,multi_deploy_agent_production,running,5.0,0,100.0,production
2026-02-21T15:50:02.284396,multi_deploy_agent_production,running,5.0,0,100.0,production
2026-02-21T15:50:07.286276,multi_deploy_agent_production,running,5.0,0,100.0,production
2026-02-21T15:50:12.288713,multi_deploy_agent_production,running,5.0,0,100.0,production
2026-02-21T15:50:17.290754,multi_deploy_agent_production,running,5.0,0,100.0,production
2026-02-21T15:50:22.292933,multi_deploy_agent_production,running,5.0,0,100.0,production
2026-02-21T15:50:27.295003,multi_deploy_agent_production,running,5.0,0,100.0,production
2026-02-21T15:50:32.297886,multi_deploy_agent_production,running,5.0,0,100.0,production
2026-02-21T15:50:37.301351,multi_deploy_agent_production,running,5.0,0,100.0,production
2026-02-21T15:50:42.304836,multi_deploy_agent_production,running,5.0,0,100.0,production
2026-02-21T15:50:47.306504,multi_deploy_agent_production,running,5.0,0,100.0,production
2026-02-21T15:50:52.308658,multi_deploy_agent_production,running,5.0,0,100.0,production
2026-02-21T15:50:57.311482,multi_deploy_agent_production,running,5.0,0,100.0,production
2026-02-21T15:51:02.313167,multi_deploy_agent_production,running,5.0,0,100.0,production
2026-02-21T15:51:07.314239,multi_deploy_agent_production,running,5.0,0,100.0,production
2026-02-21T15:51:12.315913,multi_deploy_agent_production,running,5.0,0,100.0,production
2026-02-21T15:51:17.317376,multi_deploy_agent_production,running,5.0,0,100.0,production
2026-02-21T15:51:22.319153,multi_deploy_agent_production,running,5.0,0,100.0,production
2026-02-21T15:51:27.320507,multi_deploy_agent_production,running,5.0,0,100.0,production
2026-02-21T15:51:32.321946,multi_deploy_agent_production,running,5.0,0,100.0,production
2026-02-21T15:51:37.323804,multi_deploy_agent_production,running,5.0,0,100.0,production
2026-02-21T15:51:42.325619,multi_deploy_agent_production,running,5.0,0,100.0,production
2026-02-21T15:51:47.327467,multi_deploy_agent_production,running,5.0,0,100.0,production
2026-02-21T15:51:52.328988,multi_deploy_agent_production,running,5.0,0,100.0,production
2026-02-21T15:51:57.329933,multi_deploy_agent_production,running,5.0,0,100.0,production
2026-02-21T15:52:02.331346,multi_deploy_agent_production,running,5.0,0,100.0,production
2026-02-21T15:52:07.333797,multi_deploy_agent_production,running,5.0,0,100.0,production
2026-02-21T15:52:12.335663,multi_deploy_agent_production,running,5.0,0,100.0,production
2026-02-21T15:52:17.337590,multi_deploy_agent_production,running,5.0,0,100.0,production
2026-02-21T15:52:22.339884,multi_deploy_agent_production,running,5.0,0,100.0,production
2026-02-21T15:52:27.342347,multi_deploy_agent_production,running,5.0,0,100.0,production
2026-02-21T15:52:32.344713,multi_deploy_agent_production,running,5.0,0,100.0,production
2026-02-21T15:52:37.346377,multi_deploy_agent_production,running,5.0,0,100.0,production
2026-02-21T15:52:42.348769,multi_deploy_agent_production,running,5.0,0,100.0,production
2026-02-21T15:52:47.351197,multi_deploy_agent_production,running,5.0,0,100.0,production
2026-02-21T15:52:52.354055,multi_deploy_agent_production,running,5.0,0,100.0,production
2026-02-21T15:52:57.356368,multi_deploy_agent_production,running,5.0,0,100.0,production
2026-02-21T15:53:02.359208,multi_deploy_agent_production,running,5.0,0,100.0,production
2026-02-21T15:53:07.361840,multi_deploy_agent_production,running,5.0,0,100.0,production
2026-02-21T15:53:12.363542,multi_deploy_agent_production,running,5.0,0,100.0,production
2026-02-21T15:53:17.366095,multi_deploy_agent_production,running,5.0,0,100.0,production
2026-02-21T15:53:22.368990,multi_deploy_agent_production,running,5.0,0,100.0,production
2026-02-21T15:53:27.370487,multi_deploy_agent_production,running,5.0,0,100.0,production
2026-02-21T15:53:32.372741,multi_deploy_agent_production,running,5.0,0,100.0,production
2026-02-21T15:53:37.375616,multi_deploy_agent_production,running,5.0,0,100.0,production
2026-02-21T15:53:42.378152,multi_deploy_agent_production,running,5.0,0,100.0,production
2026-02-21T15:53:47.380255,multi_deploy_agent_production,running,5.0,0,100.0,production
2026-02-21T15:53:52.382500,multi_deploy_agent_production,running,5.0,0,100.0,production
2026-02-21T15:53:57.384458,multi_deploy_agent_production,running,5.0,0,100.0,production
2026-02-21T15:54:02.387121,multi_deploy_agent_production,running,5.0,0,100.0,production
2026-02-21T15:54:07.390155,multi_deploy_agent_production,running,5.0,0,100.0,production
2026-02-21T15:54:12.392269,multi_deploy_agent_production,running,5.0,0,100.0,production
2026-02-21T15:54:17.394983,multi_deploy_agent_production,running,5.0,0,100.0,production
2026-02-21T15:54:22.397687,multi_deploy_agent_production,running,5.0,0,100.0,production
2026-02-21T15:54:27.399303,multi_deploy_agent_production,running,5.0,0,100.0,production
2026-02-21T15:54:32.401605,multi_deploy_agent_production,running,5.0,0,100.0,production
2026-02-21T15:54:37.402739,multi_deploy_agent_production,running,5.0,0,100.0,production
2026-02-21T15:54:42.403873,multi_deploy_agent_production,running,5.0,0,100.0,production
2026-02-21T15:54:47.405756,multi_deploy_agent_production,running,5.0,0,100.0,production
2026-02-21T15:54:52.408421,multi_deploy_agent_production,running,5.0,0,100.0,production
2026-02-21T15:54:57.411333,multi_deploy_agent_production,running,5.0,0,100.0,production
2026-02-21T15:55:02.413326,multi_deploy_agent_production,running,5.0,0,100.0,production
2026-02-21T15:55:07.416607,multi_deploy_agent_production,running,5.0,0,100.0,production
2026-02-21T15:55:12.420079,multi_deploy_agent_production,running,5.0,0,100.0,production
2026-02-21T15:55:17.422508,multi_deploy_agent_production,running,5.0,0,100.0,production
2026-02-21T15:55:22.424972,multi_deploy_agent_production,running,5.0,0,100.0,production
2026-02-21T15:55:27.428059,multi_deploy_agent_production,running,5.0,0,100.0,production
2026-02-21T15:55:32.430617,multi_deploy_agent_production,running,5.0,0,100.0,production
2026-02-21T15:55:37.433202,multi_deploy_agent_production,running,5.0,0,100.0,production
2026-02-21T15:55:42.435385,multi_deploy_agent_production,running,5.0,0,100.0,production
2026-02-21T15:55:47.438155,multi_deploy_agent_production,running,5.0,0,100.0,production
2026-02-21T15:55:52.440248,multi_deploy_agent_production,running,5.0,0,100.0,production
2026-02-21T15:55:57.442189,multi_deploy_agent_production,running,5.0,0,100.0,production
2026-02-21T15:56:02.445055,multi_deploy_agent_production,running,5.0,0,100.0,production
2026-02-21T15:56:07.447865,multi_deploy_agent_production,running,5.0,0,100.0,production
2026-02-21T15:56:12.449167,multi_deploy_agent_production,running,5.0,0,100.0,production
2026-02-21T15:56:17.450343,multi_deploy_agent_production,running,5.0,0,100.0,production
2026-02-21T15:56:22.452501,multi_deploy_agent_production,running,5.0,0,100.0,production
2026-02-21T15:56:27.454933,multi_deploy_agent_production,running,5.0,0,100.0,production
2026-02-21T15:56:32.457878,multi_deploy_agent_production,running,5.0,0,100.0,production
2026-02-21T15:56:37.460071,multi_deploy_agent_production,running,5.0,0,100.0,production
2026-02-21T15:56:42.461829,multi_deploy_agent_production,running,5.0,0,100.0,production
2026-02-21T15:56:47.464439,multi_deploy_agent_production,running,5.0,0,100.0,production
2026-02-21T15:56:52.466496,multi_deploy_agent_production,running,5.0,0,100.0,production
2026-02-21T15:56:57.469253,multi_deploy_agent_production,running,5.0,0,100.0,production
2026-02-21T15:57:02.471250,multi_deploy_agent_production,running,5.0,0,100.0,production
2026-02-21T15:57:07.473309,multi_deploy_agent_production,running,5.0,0,100.0,production
2026-02-21T15:57:12.475604,multi_deploy_agent_production,running,5.0,0,100.0,production
2026-02-21T15:57:17.477505,multi_deploy_agent_production,running,5.0,0,100.0,production
2026-02-21T15:57:22.479913,multi_deploy_agent_production,running,5.0,0,100.0,production
2026-02-21T15:57:27.482149,multi_deploy_agent_production,running,5.0,0,100.0,production
2026-02-21T15:57:32.483881,multi_deploy_agent_production,running,5.0,0,100.0,production
2026-02-21T15:57:37.486166,multi_deploy_agent_production,running,5.0,0,100.0,production
2026-02-21T15:57:42.489187,multi_deploy_agent_production,running,5.0,0,100.0,production
2026-02-21T15:57:47.491597,multi_deploy_agent_production,running,5.0,0,100.0,production
2026-02-21T15:57:52.494193,multi_deploy_agent_production,running,5.0,0,100.0,production
2026-02-21T15:57:57.496099,multi_deploy_agent_production,running,5.0,0,100.0,production
2026-02-21T15:58:02.497823,multi_deploy_agent_production,running,5.0,0,100.0,production
2026-02-21T15:58:07.499190,multi_deploy_agent_production,running,5.0,0,100.0,production
2026-02-21T15:58:12.502205,multi_deploy_agent_production,running,5.0,0,100.0,production
2026-02-21T15:58:17.504221,multi_deploy_agent_production,running,5.0,0,100.0,production
2026-02-21T15:58:22.506641,multi_deploy_agent_production,running,5.0,0,100.0,production
2026-02-21T15:58:27.509302,multi_deploy_agent_production,running,5.0,0,100.0,production
2026-02-21T15:58:32.511037,multi_deploy_agent_production,running,5.0,0,100.0,production
2026-02-21T15:58:37.512936,multi_deploy_agent_production,running,5.0,0,100.0,production
2026-02-21T15:58:42.515964,multi_deploy_agent_production,running,5.0,0,100.0,production
2026-02-21T15:58:47.518527,multi_deploy_agent_production,running,5.0,0,100.0,production
2026-02-21T15:58:52.520520,multi_deploy_agent_production,running,5.0,0,100.0,production
2026-02-21T15:58:57.523156,multi_deploy_agent_production,running,5.0,0,100.0,production
2026-02-21T15:59:02.525388,multi_deploy_agent_production,running,5.0,0,100.0,production
2026-02-21T15:59:07.528445,multi_deploy_agent_production,running,5.0,0,100.0,production
2026-02-21T15:59:12.531402,multi_deploy_agent_production,running,5.0,0,100.0,production
2026-02-21T15:59:17.534532,multi_deploy_agent_production,running,5.0,0,100.0,production
2026-02-21T15:59:22.536277,multi_deploy_agent_production,running,5.0,0,100.0,production
2026-02-21T15:59:27.538941,multi_deploy_agent_production,running,5.0,0,100.0,production
2026-02-21T15:59:32.541764,multi_deploy_agent_production,running,5.0,0,100.0,production
2026-02-21T15:59:37.543307,multi_deploy_agent_production,running,5.0,0,100.0,production
2026-02-21T15:59:42.544282,multi_deploy_agent_production,running,5.0,0,100.0,production
2026-02-21T15:59:47.546558,multi_deploy_agent_production,running,5.0,0,100.0,production
2026-02-21T15:59:52.548143,multi_deploy_agent_production,running,5.0,0,100.0,production
2026-02-21T15:59:57.550127,multi_deploy_agent_production,running,5.0,0,100.0,production
2026-02-21T16:00:02.552179,multi_deploy_agent_production,running,5.0,0,100.0,production
2026-02-21T16:00:07.553549,multi_deploy_agent_production,running,5.0,0,100.0,production
2026-02-21T16:00:12.555188,multi_deploy_agent_production,running,5.0,0,100.0,production
2026-02-21T16:00:17.557646,multi_deploy_agent_production,running,5.0,0,100.0,production
2026-02-21T16:00:22.559650,multi_deploy_agent_production,running,5.0,0,100.0,production
2026-02-21T16:00:27.561629,multi_deploy_agent_production,running,5.0,0,100.0,production
2026-02-21T16:00:32.564275,multi_deploy_agent_production,running,5.0,0,100.0,production
2026-02-21T16:00:37.566882,multi_deploy_agent_production,running,5.0,0,100.0,production
2026-02-21T16:00:42.568274,multi_deploy_agent_production,running,5.0,0,100.0,production
2026-02-21T16:00:47.569625,multi_deploy_agent_production,running,5.0,0,100.0,production
2026-02-21T16:00:52.571178,multi_deploy_agent_production,running,5.0,0,100.0,production
2026-02-21T16:00:57.572494,multi_deploy_agent_production,running,5.0,0,100.0,production
2026-02-21T16:01:02.574840,multi_deploy_agent_production,running,5.0,0,100.0,production
2026-02-21T16:01:07.576782,multi_deploy_agent_production,running,5.0,0,100.0,production
2026-02-21T16:01:12.579008,multi_deploy_agent_production,running,5.0,0,100.0,production
2026-02-21T16:01:17.580682,multi_deploy_agent_production,running,5.0,0,100.0,production
2026-02-21T16:01:22.584241,multi_deploy_agent_production,running,5.0,0,100.0,production
2026-02-21T16:01:27.586174,multi_deploy_agent_production,running,5.0,0,100.0,production
2026-02-21T16:01:32.588207,multi_deploy_agent_production,running,5.0,0,100.0,production
2026-02-21T16:01:37.590717,multi_deploy_agent_production,running,5.0,0,100.0,production
2026-02-21T16:01:42.594811,multi_deploy_agent_production,running,5.0,0,100.0,production
2026-02-21T16:01:47.597129,multi_deploy_agent_production,running,5.0,0,100.0,production
2026-02-21T16:01:52.600356,multi_deploy_agent_production,running,5.0,0,100.0,production
2026-02-21T16:01:57.601420,multi_deploy_agent_production,running,5.0,0,100.0,production
2026-02-21T16:02:02.603812,multi_deploy_agent_production,running,5.0,0,100.0,production
2026-02-21T16:02:07.605823,multi_deploy_agent_production,running,5.0,0,100.0,production
2026-02-21T16:02:12.608270,multi_deploy_agent_production,running,5.0,0,100.0,production
2026-02-21T16:02:17.610819,multi_deploy_agent_production,running,5.0,0,100.0,production
2026-02-21T16:02:22.612805,multi_deploy_agent_production,running,5.0,0,100.0,production
2026-02-21T16:02:27.613854,multi_deploy_agent_production,running,5.0,0,100.0,production
2026-02-21T16:02:32.615049,multi_deploy_agent_production,running,5.0,0,100.0,production
2026-02-21T16:02:37.617070,multi_deploy_agent_production,running,5.0,0,100.0,production
2026-02-21T16:02:42.619821,multi_deploy_agent_production,running,5.0,0,100.0,production
2026-02-21T16:02:47.622026,multi_deploy_agent_production,running,5.0,0,100.0,production
2026-02-21T16:02:52.624265,multi_deploy_agent_production,running,5.0,0,100.0,production
2026-02-21T16:02:57.627231,multi_deploy_agent_production,running,5.0,0,100.0,production
2026-02-21T16:03:02.629653,multi_deploy_agent_production,running,5.0,0,100.0,production
2026-02-21T16:03:07.631044,multi_deploy_agent_production,running,5.0,0,100.0,production
2026-02-21T16:03:12.633798,multi_deploy_agent_production,running,5.0,0,100.0,production
2026-02-21T16:03:17.636043,multi_deploy_agent_production,running,5.0,0,100.0,production
2026-02-21T16:03:22.638156,multi_deploy_agent_production,running,5.0,0,100.0,production
2026-02-21T16:03:27.640546,multi_deploy_agent_production,running,5.0,0,100.0,production
2026-02-21T16:03:32.642851,multi_deploy_agent_production,running,5.0,0,100.0,production
2026-02-21T16:03:37.644237,multi_deploy_agent_production,running,5.0,0,100.0,production
2026-02-21T16:03:42.645929,multi_deploy_agent_production,running,5.0,0,100.0,production
2026-02-21T16:03:47.648393,multi_deploy_agent_production,running,5.0,0,100.0,production
2026-02-21T16:03:52.650627,multi_deploy_agent_production,running,5.0,0,100.0,production
2026-02-21T16:03:57.653228,multi_deploy_agent_production,running,5.0,0,100.0,production
2026-02-21T16:04:02.655924,multi_deploy_agent_production,running,5.0,0,100.0,production
2026-02-21T16:04:07.658401,multi_deploy_agent_production,running,5.0,0,100.0,production
2026-02-21T16:04:12.659995,multi_deploy_agent_production,running,5.0,0,100.0,production
2026-02-21T16:04:17.661239,multi_deploy_agent_production,running,5.0,0,100.0,production
2026-02-21T16:04:22.662766,multi_deploy_agent_production,running,5.0,0,100.0,production
2026-02-21T16:04:27.665043,multi_deploy_agent_production,running,5.0,0,100.0,production
2026-02-21T16:04:32.667648,multi_deploy_agent_production,running,5.0,0,100.0,production
2026-02-21T16:04:37.668929,multi_deploy_agent_production,running,5.0,0,100.0,production
2026-02-21T16:04:42.670076,multi_deploy_agent_production,running,5.0,0,100.0,production
2026-02-21T16:04:47.672267,multi_deploy_agent_production,running,5.0,0,100.0,production
2026-02-21T16:04:52.676727,multi_deploy_agent_production,running,5.0,0,100.0,production
2026-02-21T16:04:57.681077,multi_deploy_agent_production,running,5.01,0,100.0,production
2026-02-21T16:05:02.683524,multi_deploy_agent_production,running,5.0,0,100.0,production
2026-02-21T16:05:07.685693,multi_deploy_agent_production,running,5.0,0,100.0,production
2026-02-21T16:05:12.687331,multi_deploy_agent_production,running,5.0,0,100.0,production
2026-02-21T16:05:17.688996,multi_deploy_agent_production,running,5.0,0,100.0,production
2026-02-21T16:05:22.690689,multi_deploy_agent_production,running,5.0,0,100.0,production
2026-02-21T16:05:27.691829,multi_deploy_agent_production,running,5.0,0,100.0,production
2026-02-21T16:05:32.693945,multi_deploy_agent_production,running,5.0,0,100.0,production
2026-02-21T16:05:37.696943,multi_deploy_agent_production,running,5.0,0,100.0,production
2026-02-21T16:05:42.699560,multi_deploy_agent_production,running,5.0,0,100.0,production
2026-02-21T16:05:47.702034,multi_deploy_agent_production,running,5.0,0,100.0,production
2026-02-21T16:05:52.703801,multi_deploy_agent_production,running,5.0,0,100.0,production
2026-02-21T16:05:57.705589,multi_deploy_agent_production,running,5.0,0,100.0,production
2026-02-21T16:06:02.707697,multi_deploy_agent_production,running,5.0,0,100.0,production
2026-02-21T16:06:07.710202,multi_deploy_agent_production,running,5.0,0,100.0,production
2026-02-21T16:06:12.712727,multi_deploy_agent_production,running,5.0,0,100.0,production
2026-02-21T16:06:17.714813,multi_deploy_agent_production,running,5.0,0,100.0,production
2026-02-21T16:06:22.717084,multi_deploy_agent_production,running,5.0,0,100.0,production
2026-02-21T16:06:27.719724,multi_deploy_agent_production,running,5.0,0,100.0,production
2026-02-21T16:06:32.723115,multi_deploy_agent_production,running,5.0,0,100.0,production
2026-02-21T16:06:37.726828,multi_deploy_agent_production,running,5.0,0,100.0,production
2026-02-21T16:06:42.729564,multi_deploy_agent_production,running,5.0,0,100.0,production
2026-02-21T16:06:47.732410,multi_deploy_agent_production,running,5.0,0,100.0,production
2026-02-21T16:06:52.734966,multi_deploy_agent_production,running,5.0,0,100.0,production
2026-02-21T16:06:57.737364,multi_deploy_agent_production,running,5.0,0,100.0,production
2026-02-21T16:07:02.739680,multi_deploy_agent_production,running,5.0,0,100.0,production
2026-02-21T16:07:07.742236,multi_deploy_agent_production,running,5.0,0,100.0,production
2026-02-21T16:07:12.744942,multi_deploy_agent_production,running,5.0,0,100.0,production
2026-02-21T16:07:17.747026,multi_deploy_agent_production,running,5.0,0,100.0,production
2026-02-21T16:07:22.749627,multi_deploy_agent_production,running,5.0,0,100.0,production
2026-02-21T16:07:27.752386,multi_deploy_agent_production,running,5.0,0,100.0,production
2026-02-21T16:07:32.754404,multi_deploy_agent_production,running,5.0,0,100.0,production
2026-02-21T16:07:37.757118,multi_deploy_agent_production,running,5.0,0,100.0,production
2026-02-21T16:07:42.759640,multi_deploy_agent_production,running,5.0,0,100.0,production
2026-02-21T16:07:47.762286,multi_deploy_agent_production,running,5.0,0,100.0,production
2026-02-21T16:07:52.764369,multi_deploy_agent_production,running,5.0,0,100.0,production
2026-02-21T16:07:57.766987,multi_deploy_agent_production,running,5.0,0,100.0,production
2026-02-21T16:08:02.769445,multi_deploy_agent_production,running,5.0,0,100.0,production
2026-02-21T16:08:07.772198,multi_deploy_agent_production,running,5.0,0,100.0,production
2026-02-21T16:08:12.774943,multi_deploy_agent_production,running,5.0,0,100.0,production
2026-02-21T16:08:17.777565,multi_deploy_agent_production,running,5.0,0,100.0,production
2026-02-21T16:08:22.780578,multi_deploy_agent_production,running,5.0,0,100.0,production
2026-02-21T16:08:27.782172,multi_deploy_agent_production,running,5.0,0,100.0,production
2026-02-21T16:08:32.784310,multi_deploy_agent_production,running,5.0,0,100.0,production
2026-02-21T16:08:37.786969,multi_deploy_agent_production,running,5.0,0,100.0,production
2026-02-21T16:08:42.789177,multi_deploy_agent_production,running,5.0,0,100.0,production
2026-02-21T16:08:47.790831,multi_deploy_agent_production,running,5.0,0,100.0,production
2026-02-21T16:08:52.793215,multi_deploy_agent_production,running,5.0,0,100.0,production
2026-02-21T16:08:57.795518,multi_deploy_agent_production,running,5.0,0,100.0,production
2026-02-21T16:09:02.799924,multi_deploy_agent_production,running,5.0,0,100.0,production
2026-02-21T16:09:07.801740,multi_deploy_agent_production,running,5.0,0,100.0,production
2026-02-21T16:09:12.803730,multi_deploy_agent_production,running,5.0,0,100.0,production
2026-02-21T16:09:17.805814,multi_deploy_agent_production,running,5.0,0,100.0,production
2026-02-21T16:09:22.807968,multi_deploy_agent_production,running,5.0,0,100.0,production
2026-02-21T16:09:27.809037,multi_deploy_agent_production,running,5.0,0,100.0,production
2026-02-21T16:09:32.810752,multi_deploy_agent_production,running,5.0,0,100.0,production
2026-02-21T16:09:37.813361,multi_deploy_agent_production,running,5.0,0,100.0,production
2026-02-21T16:09:42.815320,multi_deploy_agent_production,running,5.0,0,100.0,production
2026-02-21T16:09:47.816913,multi_deploy_agent_production,running,5.0,0,100.0,production
2026-02-21T16:09:52.818207,multi_deploy_agent_production,running,5.0,0,100.0,production
2026-02-21T16:09:57.819858,multi_deploy_agent_production,running,5.0,0,100.0,production
2026-02-21T16:10:02.821553,multi_deploy_agent_production,running,5.0,0,100.0,production
2026-02-21T16:10:07.823493,multi_deploy_agent_production,running,5.0,0,100.0,production
2026-02-21T16:10:12.825033,multi_deploy_agent_production,running,5.0,0,100.0,production
2026-02-21T16:10:17.826454,multi_deploy_agent_production,running,5.0,0,100.0,production
2026-02-21T16:10:22.827885,multi_deploy_agent_production,running,5.0,0,100.0,production
2026-02-21T16:10:27.829682,multi_deploy_agent_production,running,5.0,0,100.0,production
2026-02-21T16:10:32.831655,multi_deploy_agent_production,running,5.0,0,100.0,production
2026-02-21T16:10:37.834502,multi_deploy_agent_production,running,5.0,0,100.0,production
2026-02-21T16:10:42.836579,multi_deploy_agent_production,running,5.0,0,100.0,production
2026-02-21T16:10:47.839135,multi_deploy_agent_production,running,5.0,0,100.0,production
2026-02-21T16:10:52.841353,multi_deploy_agent_production,running,5.0,0,100.0,production
2026-02-21T16:10:57.843637,multi_deploy_agent_production,running,5.0,0,100.0,production
2026-02-21T16:11:02.844988,multi_deploy_agent_production,running,5.0,0,100.0,production
2026-02-21T16:11:07.846617,multi_deploy_agent_production,running,5.0,0,100.0,production
2026-02-21T16:11:12.848557,multi_deploy_agent_production,running,5.0,0,100.0,production
2026-02-21T16:11:17.851188,multi_deploy_agent_production,running,5.0,0,100.0,production
2026-02-21T16:11:22.853782,multi_deploy_agent_production,running,5.0,0,100.0,production
2026-02-21T16:11:27.856556,multi_deploy_agent_production,running,5.0,0,100.0,production
2026-02-21T16:11:32.858081,multi_deploy_agent_production,running,5.0,0,100.0,production
2026-02-21T16:11:37.860485,multi_deploy_agent_production,running,5.0,0,100.0,production
2026-02-21T16:11:42.862782,multi_deploy_agent_production,running,5.0,0,100.0,production
2026-02-21T16:11:47.864880,multi_deploy_agent_production,running,5.0,0,100.0,production
2026-02-21T16:11:52.866554,multi_deploy_agent_production,running,5.0,0,100.0,production
2026-02-21T16:11:57.868849,multi_deploy_agent_production,running,5.0,0,100.0,production
2026-02-21T16:12:02.871476,multi_deploy_agent_production,running,5.0,0,100.0,production
2026-02-21T16:12:07.873730,multi_deploy_agent_production,running,5.0,0,100.0,production
2026-02-21T16:12:12.876713,multi_deploy_agent_production,running,5.0,0,100.0,production
2026-02-21T16:12:17.878944,multi_deploy_agent_production,running,5.0,0,100.0,production
2026-02-21T16:12:22.880988,multi_deploy_agent_production,running,5.0,0,100.0,production
2026-02-21T16:12:27.882184,multi_deploy_agent_production,running,5.0,0,100.0,production
2026-02-21T16:12:32.883985,multi_deploy_agent_production,running,5.0,0,100.0,production
2026-02-21T16:12:37.886300,multi_deploy_agent_production,running,5.0,0,100.0,production
2026-02-21T16:12:42.889153,multi_deploy_agent_production,running,5.0,0,100.0,production
2026-02-21T16:12:47.892408,multi_deploy_agent_production,running,5.0,0,100.0,production
2026-02-21T16:12:52.895097,multi_deploy_agent_production,running,5.0,0,100.0,production
2026-02-21T16:12:57.898013,multi_deploy_agent_production,running,5.0,0,100.0,production
2026-02-21T16:13:02.900700,multi_deploy_agent_production,running,5.0,0,100.0,production
2026-02-21T16:13:07.903582,multi_deploy_agent_production,running,5.0,0,100.0,production
2026-02-21T16:13:12.905559,multi_deploy_agent_production,running,5.0,0,100.0,production
2026-02-21T16:13:17.907689,multi_deploy_agent_production,running,5.0,0,100.0,production
2026-02-21T16:13:22.909974,multi_deploy_agent_production,running,5.0,0,100.0,production
2026-02-21T16:13:27.914401,multi_deploy_agent_production,running,5.0,0,100.0,production
2026-02-21T16:13:32.915418,multi_deploy_agent_production,running,5.0,0,100.0,production
2026-02-21T16:13:37.917971,multi_deploy_agent_production,running,5.0,0,100.0,production
2026-02-21T16:13:42.920116,multi_deploy_agent_production,running,5.0,0,100.0,production
2026-02-21T16:13:47.922276,multi_deploy_agent_production,running,5.0,0,100.0,production
2026-02-21T16:13:52.924410,multi_deploy_agent_production,running,5.0,0,100.0,production
2026-02-21T16:13:57.926394,multi_deploy_agent_production,running,5.0,0,100.0,production
2026-02-21T16:14:02.928870,multi_deploy_agent_production,running,5.0,0,100.0,production
2026-02-21T16:14:07.931868,multi_deploy_agent_production,running,5.0,0,100.0,production
2026-02-21T16:14:12.934639,multi_deploy_agent_production,running,5.0,0,100.0,production
2026-02-21T16:14:17.937762,multi_deploy_agent_production,running,5.0,0,100.0,production
2026-02-21T16:14:22.939955,multi_deploy_agent_production,running,5.0,0,100.0,production
2026-02-21T16:14:27.942694,multi_deploy_agent_production,running,5.0,0,100.0,production
2026-02-21T16:14:32.946327,multi_deploy_agent_production,running,5.0,0,100.0,production
2026-02-21T16:14:37.948308,multi_deploy_agent_production,running,5.0,0,100.0,production
2026-02-21T16:14:42.950412,multi_deploy_agent_production,running,5.0,0,100.0,production
2026-02-21T16:14:47.952275,multi_deploy_agent_production,running,5.0,0,100.0,production
2026-02-21T16:14:52.954289,multi_deploy_agent_production,running,5.0,0,100.0,production
2026-02-21T16:14:57.955775,multi_deploy_agent_production,running,5.0,0,100.0,production
2026-02-21T16:15:02.957669,multi_deploy_agent_production,running,5.0,0,100.0,production
2026-02-21T16:15:07.960109,multi_deploy_agent_production,running,5.0,0,100.0,production
2026-02-21T16:15:12.961681,multi_deploy_agent_production,running,5.0,0,100.0,production
2026-02-21T16:15:17.964024,multi_deploy_agent_production,running,5.0,0,100.0,production
2026-02-21T16:15:22.965419,multi_deploy_agent_production,running,5.0,0,100.0,production
2026-02-21T16:15:27.967005,multi_deploy_agent_production,running,5.0,0,100.0,production
2026-03-06T12:28:37.669005,multi_deploy_agent_production,running,0.0,0,100,production
2026-03-06T12:28:42.675446,multi_deploy_agent_production,running,5.01,0,100.0,production
2026-03-06T12:28:47.691123,multi_deploy_agent_production,running,5.02,0,100.0,production
2026-03-06T12:28:52.694159,multi_deploy_agent_production,running,5.0,0,100.0,production
2026-03-06T12:28:57.706413,multi_deploy_agent_production,running,5.01,0,100.0,production
2026-03-06T12:29:02.718489,multi_deploy_agent_production,running,5.01,0,100.0,production
2026-03-06T12:29:07.726854,multi_deploy_agent_production,running,5.01,0,100.0,production
2026-03-06T12:29:12.732103,multi_deploy_agent_production,running,5.01,0,100.0,production
2026-03-06T12:29:17.744609,multi_deploy_agent_production,running,5.01,0,100.0,production
2026-03-06T12:29:22.753195,multi_deploy_agent_production,running,5.01,0,100.0,production
2026-03-06T12:29:27.765749,multi_deploy_agent_production,running,5.01,0,100.0,production
2026-03-06T12:29:32.778420,multi_deploy_agent_production,running,5.01,0,100.0,production
2026-03-06T12:29:37.786252,multi_deploy_agent_production,running,5.01,0,100.0,production
2026-03-06T12:29:42.798566,multi_deploy_agent_production,running,5.01,0,100.0,production
2026-03-06T12:29:47.804678,multi_deploy_agent_production,running,5.01,0,100.0,production
2026-03-06T12:29:52.812238,multi_deploy_agent_production,running,5.01,0,100.0,production
2026-03-06T12:29:57.828320,multi_deploy_agent_production,running,5.02,0,100.0,production
2026-03-06T12:30:02.840617,multi_deploy_agent_production,running,5.01,0,100.0,production
2026-03-06T12:30:07.847811,multi_deploy_agent_production,running,5.01,0,100.0,production
2026-03-06T12:30:12.852349,multi_deploy_agent_production,running,5.0,0,100.0,production
2026-03-06T12:30:17.859900,multi_deploy_agent_production,running,5.01,0,100.0,production
2026-03-06T12:30:22.876499,multi_deploy_agent_production,running,5.02,0,100.0,production
2026-03-06T12:30:27.890939,multi_deploy_agent_production,running,5.02,0,100.0,production
2026-03-06T12:30:32.908243,multi_deploy_agent_production,running,5.02,0,100.0,production
2026-03-06T12:30:37.910838,multi_deploy_agent_production,running,5.0,0,100.0,production
2026-03-06T12:30:42.914358,multi_deploy_agent_production,running,5.0,0,100.0,production
2026-03-06T12:30:47.931581,multi_deploy_agent_production,running,5.02,0,100.0,production
2026-03-06T12:30:52.934601,multi_deploy_agent_production,running,5.0,0,100.0,production
2026-03-06T12:30:57.950543,multi_deploy_agent_production,running,5.02,0,100.0,production
2026-03-06T12:31:02.964204,multi_deploy_agent_production,running,5.01,0,100.0,production
2026-03-06T12:31:07.969321,multi_deploy_agent_production,running,5.01,0,100.0,production
2026-03-06T12:31:12.972354,multi_deploy_agent_production,running,5.0,0,100.0,production
2026-03-06T12:31:17.983096,multi_deploy_agent_production,running,5.01,0,100.0,production
2026-03-06T12:31:22.996806,multi_deploy_agent_production,running,5.01,0,100.0,production
2026-03-06T12:31:27.999195,multi_deploy_agent_production,running,5.0,0,100.0,production
2026-03-06T12:31:33.012704,multi_deploy_agent_production,running,5.01,0,100.0,production
2026-03-06T12:31:38.028155,multi_deploy_agent_production,running,5.01,0,100.0,production
2026-03-06T12:31:43.037589,multi_deploy_agent_production,running,5.01,0,100.0,production
2026-03-06T12:31:48.045593,multi_deploy_agent_production,running,5.01,0,100.0,production
2026-03-06T12:31:53.056404,multi_deploy_agent_production,running,5.01,0,100.0,production
2026-03-06T12:31:58.064787,multi_deploy_agent_production,running,5.01,0,100.0,production
2026-03-06T12:32:03.076166,multi_deploy_agent_production,running,5.01,0,100.0,production
2026-03-06T12:32:08.085328,multi_deploy_agent_production,running,5.01,0,100.0,production
2026-03-06T12:32:13.093607,multi_deploy_agent_production,running,5.01,0,100.0,production
2026-03-06T12:32:18.108757,multi_deploy_agent_production,running,5.02,0,100.0,production
2026-03-06T12:32:23.123351,multi_deploy_agent_production,running,5.01,0,100.0,production
2026-03-06T12:32:28.136398,multi_deploy_agent_production,running,5.01,0,100.0,production
2026-03-06T12:32:33.141306,multi_deploy_agent_production,running,5.0,0,100.0,production
2026-03-06T12:32:38.143776,multi_deploy_agent_production,running,5.0,0,100.0,production
2026-03-06T12:32:43.153099,multi_deploy_agent_production,running,5.01,0,100.0,production
2026-03-06T12:32:48.154453,multi_deploy_agent_production,running,5.0,0,100.0,production
2026-03-06T12:32:53.160402,multi_deploy_agent_production,running,5.01,0,100.0,production
2026-03-06T12:32:58.174679,multi_deploy_agent_production,running,5.01,0,100.0,production
2026-03-06T12:33:03.190354,multi_deploy_agent_production,running,5.02,0,100.0,production
2026-03-06T12:33:08.205091,multi_deploy_agent_production,running,5.01,0,100.0,production
2026-03-06T12:33:13.214855,multi_deploy_agent_production,running,5.01,0,100.0,production
2026-03-06T12:33:18.219285,multi_deploy_agent_production,running,5.0,0,100.0,production
2026-03-06T12:33:23.236922,multi_deploy_agent_production,running,5.02,0,100.0,production
2026-03-06T12:33:28.243144,multi_deploy_agent_production,running,5.01,0,100.0,production
2026-03-06T12:33:33.254806,multi_deploy_agent_production,running,5.01,0,100.0,production
2026-03-06T12:33:38.270754,multi_deploy_agent_production,running,5.02,0,100.0,production
2026-03-06T12:33:43.281914,multi_deploy_agent_production,running,5.01,0,100.0,production
2026-03-06T12:33:48.284659,multi_deploy_agent_production,running,5.0,0,100.0,production
2026-03-06T12:33:53.298315,multi_deploy_agent_production,running,5.01,0,100.0,production
2026-03-06T12:33:58.308023,multi_deploy_agent_production,running,5.01,0,100.0,production
2026-03-06T12:34:03.317232,multi_deploy_agent_production,running,5.01,0,100.0,production
2026-03-06T12:34:08.332660,multi_deploy_agent_production,running,5.02,0,100.0,production
